login_hour,files_accessed,usb_usage,emails_sent,is_threat,is_after_hours,is_foreign,high_file_access,high_email_activity
8,190,1,98,1,1,1,1,1
16,28,0,5,0,0,0,0,0
20,9,1,9,0,1,1,0,0
12,74,0,7,0,0,0,1,0
13,10,0,1,0,0,0,0,0
9,68,1,17,0,0,0,1,0
15,71,0,8,0,0,0,1,0
15,100,0,5,0,0,0,1,0
20,47,0,10,0,1,0,0,0
11,16,0,19,0,0,0,0,0
20,51,0,7,0,1,1,1,0
10,86,0,3,0,0,1,1,0
9,40,0,16,0,0,0,0,0
20,46,0,2,0,1,0,0,0
10,110,0,4,0,0,0,1,0
11,51,0,4,0,0,0,1,0
0,182,1,47,1,1,1,1,1
17,35,0,16,0,0,1,0,0
10,112,1,11,0,0,0,1,0
14,10,0,12,0,0,1,0,0
17,100,0,10,0,0,1,1,0
2,389,1,64,1,1,0,1,1
13,84,1,8,0,0,0,1,0
13,341,1,86,1,0,1,1,1
11,116,0,10,0,0,1,1,0
16,62,0,18,0,0,0,1,0
12,29,0,11,0,0,1,0,0
14,96,0,3,0,0,0,1,0
16,95,0,6,0,0,0,1,0
16,93,0,18,0,0,0,1,0
11,5,0,7,0,0,0,0,0
13,107,0,15,0,0,0,1,0
11,113,0,7,0,0,0,1,0
7,269,1,22,1,1,0,1,0
10,72,0,4,0,0,0,1,0
12,98,0,6,0,0,1,1,0
13,107,0,11,0,0,0,1,0
12,49,0,13,0,0,1,0,0
6,442,0,22,1,1,1,1,0
15,13,0,4,0,0,0,0,0
14,6,0,2,0,0,0,0,0
11,119,1,12,0,0,1,1,0
16,109,0,19,0,0,1,1,0
13,59,0,2,0,0,0,1,0
17,58,0,1,0,0,1,1,0
14,29,1,18,0,0,1,0,0
13,64,0,4,0,0,0,1,0
10,42,0,14,0,0,0,0,0
14,80,0,6,0,0,1,1,0
17,16,0,16,0,0,0,0,0
20,80,0,7,0,1,1,1,0
9,103,0,17,0,0,0,1,0
9,106,0,1,0,0,0,1,0
9,30,0,17,0,0,1,0,0
15,99,0,16,0,0,1,1,0
16,79,0,1,0,0,0,1,0
16,40,0,4,0,0,0,0,0
20,115,0,3,0,1,0,1,0
15,109,0,11,0,0,0,1,0
15,79,0,13,0,0,0,1,0
9,404,1,91,1,0,1,1,1
12,8,0,19,0,0,1,0,0
19,470,1,60,1,1,1,1,1
13,88,1,8,0,0,0,1,0
10,16,0,11,0,0,0,0,0
11,73,1,12,0,0,1,1,0
15,100,0,11,0,0,0,1,0
14,339,1,36,1,0,1,1,1
11,87,0,15,0,0,0,1,0
1,251,1,89,1,1,1,1,1
23,129,1,53,1,1,1,1,1
12,117,0,19,0,0,0,1,0
12,104,0,2,0,0,1,1,0
11,62,0,19,0,0,0,1,0
16,44,0,8,0,0,0,0,0
9,32,0,4,0,0,0,0,0
20,49,0,6,0,1,0,0,0
16,65,0,16,0,0,1,1,0
9,16,1,13,0,0,0,0,0
9,27,0,15,0,0,1,0,0
17,56,0,16,0,0,1,1,0
16,117,1,80,1,0,1,1,1
15,319,1,74,1,0,0,1,1
11,56,0,15,0,0,0,1,0
17,40,0,12,0,0,0,0,0
17,64,0,1,0,0,0,1,0
13,188,1,80,1,0,1,1,1
19,373,1,92,1,1,1,1,1
14,43,0,19,0,0,0,0,0
9,65,0,8,0,0,0,1,0
10,27,0,14,0,0,1,0,0
9,77,0,16,0,0,0,1,0
23,274,1,83,1,1,1,1,1
10,117,0,3,0,0,1,1,0
11,7,0,13,0,0,0,0,0
20,108,0,15,0,1,1,1,0
14,59,0,6,0,0,0,1,0
17,118,1,18,0,0,1,1,0
17,49,0,19,0,0,0,0,0
20,47,0,15,0,1,0,0,0
16,43,0,5,0,0,1,0,0
13,108,1,82,1,0,1,1,1
14,41,0,4,0,0,0,0,0
10,77,0,9,0,0,0,1,0
15,184,1,94,1,0,1,1,1
14,24,1,13,0,0,0,0,0
12,118,0,13,0,0,1,1,0
20,12,0,5,0,1,0,0,0
10,77,0,14,0,0,0,1,0
10,19,0,9,0,0,1,0,0
16,87,0,19,0,0,1,1,0
14,115,0,17,0,0,1,1,0
16,101,0,10,0,0,0,1,0
20,55,0,18,0,1,0,1,0
12,17,0,5,0,0,0,0,0
15,46,0,7,0,0,0,0,0
14,10,0,8,0,0,0,0,0
13,15,0,10,0,0,0,0,0
9,44,0,13,0,0,1,0,0
15,35,0,7,0,0,0,0,0
6,411,1,92,1,1,1,1,1
10,443,1,95,1,0,1,1,1
13,34,0,5,0,0,0,0,0
9,67,0,13,0,0,0,1,0
15,51,0,3,0,0,0,1,0
20,73,0,9,0,1,0,1,0
2,174,1,61,1,1,1,1,1
17,55,0,3,0,0,1,1,0
2,490,1,41,1,1,1,1,1
11,90,0,3,0,0,0,1,0
10,98,1,18,0,0,0,1,0
12,108,0,6,0,0,0,1,0
2,348,1,77,1,1,1,1,1
0,325,1,65,1,1,0,1,1
9,11,0,5,0,0,0,0,0
3,197,1,94,1,1,1,1,1
10,96,0,13,0,0,0,1,0
14,92,0,2,0,0,0,1,0
11,59,0,13,0,0,1,1,0
3,242,1,70,1,1,1,1,1
16,104,0,2,0,0,0,1,0
5,79,0,51,1,1,1,1,1
17,104,0,6,0,0,0,1,0
10,73,1,74,1,0,1,1,1
14,6,1,18,0,0,0,0,0
15,451,1,62,1,0,1,1,1
6,380,1,81,1,1,1,1,1
10,98,1,52,1,0,1,1,1
14,36,0,1,0,0,0,0,0
10,81,1,7,0,0,0,1,0
12,98,0,1,0,0,0,1,0
2,301,1,65,1,1,1,1,1
10,69,0,11,0,0,0,1,0
20,85,1,11,0,1,0,1,0
11,102,0,8,0,0,1,1,0
17,43,0,9,0,0,0,0,0
10,21,0,8,0,0,0,0,0
12,85,0,16,0,0,0,1,0
9,45,0,2,0,0,1,0,0
20,103,0,17,0,1,0,1,0
15,72,1,7,0,0,1,1,0
6,342,1,94,1,1,1,1,1
20,51,0,7,0,1,1,1,0
12,14,0,5,0,0,0,0,0
10,102,0,11,0,0,1,1,0
10,61,1,68,1,0,0,1,1
10,93,0,19,0,0,0,1,0
20,75,0,17,0,1,0,1,0
13,84,0,13,0,0,0,1,0
20,51,0,18,0,1,0,1,0
11,113,0,9,0,0,0,1,0
6,459,0,42,1,1,1,1,1
9,20,0,15,0,0,1,0,0
12,54,0,15,0,0,0,1,0
18,352,0,91,1,0,1,1,1
7,133,1,45,1,1,0,1,1
17,84,0,2,0,0,0,1,0
12,112,0,2,0,0,0,1,0
13,64,0,19,0,0,0,1,0
19,140,1,53,1,1,0,1,1
17,32,0,5,0,0,0,0,0
14,16,0,13,0,0,0,0,0
17,246,0,36,1,0,1,1,1
16,86,0,6,0,0,1,1,0
17,57,0,10,0,0,0,1,0
15,53,0,4,0,0,0,1,0
17,104,0,19,0,0,0,1,0
5,284,1,71,1,1,0,1,1
14,118,0,18,0,0,0,1,0
16,82,0,8,0,0,0,1,0
16,113,0,5,0,0,1,1,0
20,76,0,7,0,1,0,1,0
13,52,0,2,0,0,0,1,0
9,66,0,10,0,0,0,1,0
10,302,1,48,1,0,1,1,1
11,239,1,82,1,0,0,1,1
17,48,0,16,0,0,0,0,0
0,224,1,99,1,1,1,1,1
10,100,0,5,0,0,0,1,0
11,92,0,4,0,0,0,1,0
13,41,0,14,0,0,0,0,0
13,93,1,6,0,0,0,1,0
9,13,1,16,0,0,0,0,0
20,8,1,5,0,1,0,0,0
15,73,0,14,0,0,1,1,0
14,48,0,19,0,0,0,0,0
16,77,0,10,0,0,0,1,0
12,71,0,13,0,0,0,1,0
13,88,0,1,0,0,0,1,0
11,72,0,16,0,0,1,1,0
20,55,0,15,0,1,0,1,0
10,78,0,16,0,0,0,1,0
9,56,0,5,0,0,1,1,0
10,35,0,1,0,0,1,0,0
4,336,1,81,1,1,1,1,1
15,100,0,17,0,0,0,1,0
16,33,0,3,0,0,0,0,0
10,70,0,12,0,0,0,1,0
13,33,0,13,0,0,1,0,0
9,231,0,96,1,0,1,1,1
10,111,1,1,0,0,0,1,0
9,53,1,15,0,0,0,1,0
12,86,0,2,0,0,0,1,0
11,115,0,16,0,0,0,1,0
20,77,0,2,0,1,0,1,0
11,5,0,15,0,0,0,0,0
15,48,0,3,0,0,0,0,0
10,34,0,1,0,0,1,0,0
11,25,1,17,0,0,1,0,0
12,14,0,17,0,0,1,0,0
11,55,0,17,0,0,0,1,0
14,56,0,9,0,0,1,1,0
11,73,0,13,0,0,0,1,0
14,20,0,8,0,0,0,0,0
13,39,0,14,0,0,0,0,0
15,32,0,13,0,0,0,0,0
20,93,0,12,0,1,1,1,0
21,64,0,46,1,1,1,1,1
12,451,1,85,1,0,1,1,1
20,55,0,6,0,1,0,1,0
22,211,1,79,1,1,0,1,1
17,43,0,7,0,0,0,0,0
12,107,0,17,0,0,1,1,0
14,102,1,6,0,0,1,1,0
11,39,0,1,0,0,0,0,0
20,109,1,10,0,1,0,1,0
12,20,0,13,0,0,1,0,0
14,30,0,17,0,0,0,0,0
17,104,1,17,0,0,0,1,0
15,33,0,17,0,0,0,0,0
9,53,0,7,0,0,1,1,0
17,36,0,17,0,0,0,0,0
11,67,0,9,0,0,0,1,0
0,190,1,77,1,1,1,1,1
15,87,0,3,0,0,0,1,0
16,103,0,14,0,0,0,1,0
13,87,1,56,1,0,1,1,1
20,30,0,2,0,1,0,0,0
16,45,1,1,0,0,0,0,0
14,45,0,16,0,0,0,0,0
16,66,0,13,0,0,0,1,0
14,49,0,2,0,0,0,0,0
12,60,0,6,0,0,0,1,0
9,28,0,13,0,0,0,0,0
12,19,0,6,0,0,0,0,0
16,79,1,6,0,0,1,1,0
11,11,0,10,0,0,0,0,0
9,10,0,19,0,0,1,0,0
15,327,1,81,1,0,0,1,1
16,266,1,55,1,0,1,1,1
20,48,1,4,0,1,0,0,0
15,96,0,16,0,0,1,1,0
11,113,0,15,0,0,0,1,0
20,27,0,17,0,1,1,0,0
20,109,1,15,0,1,0,1,0
6,226,1,29,1,1,1,1,0
16,105,0,9,0,0,0,1,0
14,45,0,12,0,0,1,0,0
11,33,1,17,0,0,0,0,0
13,92,0,2,0,0,1,1,0
10,98,0,12,0,0,0,1,0
14,80,0,12,0,0,0,1,0
10,67,0,15,0,0,0,1,0
10,69,1,21,1,0,1,1,0
14,42,0,5,0,0,0,0,0
14,89,0,16,0,0,0,1,0
15,19,0,15,0,0,0,0,0
11,73,0,13,0,0,1,1,0
11,32,0,17,0,0,0,0,0
14,68,0,6,0,0,0,1,0
17,102,0,17,0,0,1,1,0
12,100,0,5,0,0,0,1,0
15,27,0,3,0,0,0,0,0
20,99,0,11,0,1,0,1,0
11,41,0,1,0,0,0,0,0
12,28,0,11,0,0,0,0,0
9,66,0,3,0,0,0,1,0
20,71,0,7,0,1,1,1,0
14,26,0,1,0,0,1,0,0
16,13,0,5,0,0,0,0,0
20,70,0,8,0,1,0,1,0
3,125,1,67,1,1,1,1,1
11,53,0,13,0,0,0,1,0
17,107,0,17,0,0,0,1,0
8,183,0,26,1,1,0,1,0
20,52,0,6,0,1,1,1,0
20,12,0,2,0,1,0,0,0
16,92,0,6,0,0,1,1,0
9,18,0,16,0,0,1,0,0
9,76,0,18,0,0,0,1,0
5,155,0,77,1,1,1,1,1
13,27,0,13,0,0,0,0,0
14,41,0,10,0,0,0,0,0
9,35,0,19,0,0,1,0,0
11,12,0,7,0,0,1,0,0
16,97,0,3,0,0,0,1,0
4,259,1,50,1,1,1,1,1
20,44,0,4,0,1,0,0,0
14,39,0,8,0,0,0,0,0
13,43,0,17,0,0,0,0,0
16,62,0,2,0,0,0,1,0
14,114,0,10,0,0,0,1,0
9,49,0,14,0,0,0,0,0
14,117,0,15,0,0,1,1,0
10,349,1,52,1,0,0,1,1
13,98,0,10,0,0,1,1,0
20,65,0,1,0,1,0,1,0
16,68,1,12,0,0,0,1,0
16,65,0,11,0,0,0,1,0
9,96,0,3,0,0,0,1,0
15,15,0,5,0,0,1,0,0
13,119,1,11,0,0,0,1,0
9,15,0,17,0,0,0,0,0
16,97,0,10,0,0,1,1,0
14,78,0,7,0,0,0,1,0
13,104,0,12,0,0,0,1,0
10,35,0,19,0,0,0,0,0
13,33,0,8,0,0,0,0,0
12,59,0,4,0,0,1,1,0
13,11,0,8,0,0,1,0,0
13,122,1,24,1,0,1,1,0
16,75,0,1,0,0,0,1,0
10,15,0,17,0,0,0,0,0
9,18,0,12,0,0,0,0,0
14,24,0,12,0,0,0,0,0
14,66,0,13,0,0,1,1,0
14,29,0,4,0,0,1,0,0
14,44,0,1,0,0,1,0,0
9,59,0,17,0,0,0,1,0
6,415,1,68,1,1,1,1,1
11,67,0,11,0,0,0,1,0
11,57,0,11,0,0,1,1,0
11,59,1,10,0,0,1,1,0
15,98,0,18,0,0,0,1,0
17,57,0,9,0,0,1,1,0
6,151,1,85,1,1,1,1,1
20,43,1,16,0,1,1,0,0
8,172,1,78,1,1,1,1,1
16,82,0,2,0,0,0,1,0
13,113,0,8,0,0,0,1,0
20,6,1,4,0,1,0,0,0
11,26,0,16,0,0,0,0,0
12,79,0,1,0,0,0,1,0
13,31,1,12,0,0,0,0,0
15,52,0,3,0,0,0,1,0
17,60,0,3,0,0,1,1,0
14,86,1,12,0,0,1,1,0
13,34,0,3,0,0,0,0,0
20,36,0,4,0,1,0,0,0
13,76,0,5,0,0,1,1,0
10,10,0,11,0,0,0,0,0
20,112,0,4,0,1,0,1,0
16,400,1,82,1,0,1,1,1
17,199,1,32,1,0,1,1,1
10,39,0,19,0,0,0,0,0
10,27,0,7,0,0,0,0,0
16,37,0,12,0,0,1,0,0
10,6,0,17,0,0,0,0,0
15,72,0,3,0,0,0,1,0
20,113,0,11,0,1,0,1,0
11,10,0,7,0,0,0,0,0
11,214,0,39,1,0,1,1,1
15,8,0,19,0,0,0,0,0
9,50,0,11,0,0,1,0,0
13,114,0,7,0,0,1,1,0
17,27,0,1,0,0,0,0,0
16,37,0,15,0,0,0,0,0
13,90,1,2,0,0,0,1,0
12,85,0,7,0,0,0,1,0
15,99,0,15,0,0,1,1,0
11,116,0,7,0,0,0,1,0
4,78,1,29,1,1,1,1,0
16,114,0,11,0,0,1,1,0
9,71,0,3,0,0,0,1,0
20,477,1,73,1,1,1,1,1
13,22,0,10,0,0,0,0,0
9,37,0,1,0,0,0,0,0
10,53,0,17,0,0,0,1,0
15,84,0,11,0,0,0,1,0
16,274,0,89,1,0,0,1,1
13,12,0,7,0,0,0,0,0
9,10,0,11,0,0,1,0,0
17,22,0,4,0,0,0,0,0
15,110,0,4,0,0,0,1,0
10,107,0,5,0,0,1,1,0
10,28,0,19,0,0,0,0,0
20,26,0,17,0,1,0,0,0
10,40,0,3,0,0,0,0,0
9,42,0,13,0,0,0,0,0
14,104,1,8,0,0,1,1,0
12,44,0,15,0,0,0,0,0
15,61,0,14,0,0,0,1,0
14,22,0,18,0,0,1,0,0
1,364,1,85,1,1,1,1,1
16,83,0,5,0,0,0,1,0
16,65,0,17,0,0,0,1,0
12,83,0,6,0,0,0,1,0
10,89,0,6,0,0,1,1,0
12,89,0,1,0,0,0,1,0
17,21,0,4,0,0,0,0,0
23,181,1,96,1,1,1,1,1
10,74,0,5,0,0,0,1,0
11,23,0,11,0,0,0,0,0
16,65,0,11,0,0,1,1,0
17,15,1,12,0,0,1,0,0
10,7,0,17,0,0,0,0,0
11,113,0,3,0,0,0,1,0
15,82,1,92,1,0,1,1,1
12,20,0,2,0,0,0,0,0
20,18,0,7,0,1,0,0,0
10,5,0,5,0,0,1,0,0
13,110,0,7,0,0,0,1,0
13,13,0,6,0,0,1,0,0
10,88,0,10,0,0,0,1,0
17,59,0,2,0,0,1,1,0
14,58,0,18,0,0,0,1,0
11,493,1,36,1,0,1,1,1
13,46,0,2,0,0,0,0,0
17,102,0,19,0,0,0,1,0
23,351,0,67,1,1,1,1,1
11,30,0,16,0,0,1,0,0
20,5,0,17,0,1,0,0,0
14,97,0,5,0,0,0,1,0
20,141,1,39,1,1,0,1,1
15,107,0,10,0,0,0,1,0
16,49,0,12,0,0,1,0,0
9,46,0,1,0,0,1,0,0
12,72,0,2,0,0,0,1,0
12,96,0,15,0,0,0,1,0
20,105,0,4,0,1,0,1,0
20,13,0,10,0,1,1,0,0
11,23,1,13,0,0,1,0,0
10,10,0,13,0,0,0,0,0
9,102,0,1,0,0,0,1,0
15,108,0,2,0,0,0,1,0
10,89,0,16,0,0,0,1,0
16,28,0,19,0,0,0,0,0
13,91,0,9,0,0,0,1,0
17,17,0,10,0,0,1,0,0
17,11,0,3,0,0,0,0,0
14,24,0,17,0,0,1,0,0
10,65,0,12,0,0,0,1,0
14,21,0,15,0,0,0,0,0
11,110,1,13,0,0,0,1,0
13,99,0,9,0,0,0,1,0
11,58,0,16,0,0,1,1,0
17,69,1,99,1,0,0,1,1
10,102,0,18,0,0,0,1,0
12,106,0,12,0,0,0,1,0
12,117,0,14,0,0,0,1,0
14,18,0,10,0,0,0,0,0
10,162,1,76,1,0,1,1,1
12,42,0,1,0,0,0,0,0
10,54,0,2,0,0,0,1,0
5,352,1,90,1,1,1,1,1
13,102,0,12,0,0,0,1,0
10,64,0,19,0,0,0,1,0
15,18,0,18,0,0,1,0,0
9,28,0,17,0,0,1,0,0
15,25,0,4,0,0,0,0,0
17,6,0,2,0,0,1,0,0
17,75,1,19,0,0,0,1,0
14,75,0,11,0,0,0,1,0
20,86,1,16,0,1,1,1,0
13,41,0,17,0,0,0,0,0
12,12,0,1,0,0,0,0,0
10,96,0,15,0,0,0,1,0
9,82,0,9,0,0,0,1,0
17,53,0,1,0,0,0,1,0
13,85,1,57,1,0,1,1,1
12,21,0,4,0,0,1,0,0
3,379,1,86,1,1,1,1,1
22,181,1,29,1,1,0,1,0
13,425,1,48,1,0,0,1,1
20,106,0,19,0,1,1,1,0
9,70,1,9,0,0,0,1,0
10,8,1,5,0,0,0,0,0
14,52,0,7,0,0,0,1,0
11,62,0,2,0,0,1,1,0
14,94,0,18,0,0,0,1,0
17,52,0,18,0,0,0,1,0
9,87,0,15,0,0,0,1,0
13,19,0,12,0,0,0,0,0
19,185,1,63,1,1,1,1,1
5,291,1,85,1,1,1,1,1
14,57,0,3,0,0,0,1,0
0,258,1,91,1,1,1,1,1
10,53,1,11,0,0,0,1,0
9,117,0,10,0,0,1,1,0
10,41,0,4,0,0,0,0,0
11,7,0,11,0,0,0,0,0
12,108,0,11,0,0,0,1,0
10,59,0,11,0,0,0,1,0
15,87,0,19,0,0,0,1,0
17,38,0,1,0,0,0,0,0
10,110,0,16,0,0,0,1,0
9,80,0,19,0,0,0,1,0
15,38,0,4,0,0,0,0,0
20,91,0,2,0,1,0,1,0
10,369,0,69,1,0,1,1,1
16,87,0,17,0,0,0,1,0
9,22,1,18,0,0,0,0,0
10,112,0,13,0,0,0,1,0
15,94,0,9,0,0,1,1,0
9,22,0,1,0,0,0,0,0
17,35,1,4,0,0,0,0,0
9,97,0,1,0,0,0,1,0
11,30,0,8,0,0,0,0,0
16,73,0,13,0,0,0,1,0
10,56,0,15,0,0,0,1,0
20,63,0,15,0,1,0,1,0
9,80,0,14,0,0,0,1,0
20,25,0,6,0,1,0,0,0
9,41,0,12,0,0,0,0,0
11,30,0,8,0,0,0,0,0
13,17,0,5,0,0,0,0,0
10,56,0,8,0,0,0,1,0
15,85,0,2,0,0,1,1,0
10,206,1,71,1,0,1,1,1
10,111,0,14,0,0,0,1,0
17,24,0,18,0,0,1,0,0
9,119,0,16,0,0,0,1,0
11,79,0,19,0,0,0,1,0
12,55,0,8,0,0,0,1,0
13,59,0,13,0,0,0,1,0
9,97,1,18,0,0,0,1,0
14,94,0,14,0,0,1,1,0
14,110,0,9,0,0,0,1,0
15,110,0,6,0,0,0,1,0
15,76,0,6,0,0,1,1,0
13,98,1,72,1,0,1,1,1
12,342,0,25,1,0,1,1,0
11,47,0,11,0,0,0,0,0
11,16,0,17,0,0,0,0,0
15,101,0,16,0,0,0,1,0
20,53,0,4,0,1,0,1,0
14,64,0,12,0,0,0,1,0
15,83,1,1,0,0,0,1,0
10,110,0,8,0,0,0,1,0
14,84,0,18,0,0,1,1,0
17,49,0,4,0,0,0,0,0
2,326,1,71,1,1,1,1,1
22,110,1,35,1,1,1,1,1
12,16,1,16,0,0,0,0,0
14,76,0,13,0,0,0,1,0
14,35,0,9,0,0,0,0,0
10,92,1,14,0,0,0,1,0
16,11,0,3,0,0,0,0,0
14,42,0,18,0,0,1,0,0
17,19,0,15,0,0,0,0,0
4,434,1,73,1,1,1,1,1
10,119,0,2,0,0,0,1,0
15,287,1,48,1,0,1,1,1
20,13,0,15,0,1,0,0,0
12,114,0,7,0,0,0,1,0
9,20,0,10,0,0,0,0,0
12,50,0,6,0,0,0,0,0
14,113,0,12,0,0,1,1,0
10,46,0,13,0,0,0,0,0
9,78,1,7,0,0,0,1,0
21,137,0,85,1,1,1,1,1
10,100,0,8,0,0,1,1,0
1,65,1,56,1,1,1,1,1
1,391,0,55,1,1,0,1,1
14,31,0,6,0,0,0,0,0
14,90,0,10,0,0,0,1,0
15,14,0,4,0,0,0,0,0
20,12,0,9,0,1,1,0,0
13,102,1,7,0,0,0,1,0
9,55,0,2,0,0,1,1,0
17,20,0,10,0,0,0,0,0
5,372,0,94,1,1,1,1,1
13,98,0,16,0,0,0,1,0
14,7,0,2,0,0,1,0,0
17,67,0,19,0,0,0,1,0
17,69,0,2,0,0,0,1,0
20,52,1,1,0,1,0,1,0
16,88,0,3,0,0,1,1,0
14,28,0,6,0,0,1,0,0
15,85,0,15,0,0,1,1,0
15,26,0,14,0,0,0,0,0
9,117,0,13,0,0,0,1,0
10,16,0,2,0,0,0,0,0
10,24,0,11,0,0,0,0,0
17,27,0,18,0,0,0,0,0
10,62,0,18,0,0,1,1,0
14,30,0,1,0,0,0,0,0
11,90,0,6,0,0,0,1,0
15,41,0,9,0,0,0,0,0
16,117,0,9,0,0,0,1,0
11,37,0,2,0,0,1,0,0
13,101,0,15,0,0,1,1,0
11,109,0,18,0,0,0,1,0
9,48,0,15,0,0,0,0,0
9,83,0,18,0,0,0,1,0
15,60,0,2,0,0,1,1,0
20,9,0,1,0,1,0,0,0
6,202,1,84,1,1,0,1,1
9,92,0,15,0,0,0,1,0
16,59,1,96,1,0,1,1,1
15,6,0,5,0,0,0,0,0
12,47,1,10,0,0,0,0,0
17,58,0,14,0,0,0,1,0
10,77,0,1,0,0,1,1,0
10,115,0,12,0,0,0,1,0
14,21,0,18,0,0,0,0,0
14,79,0,16,0,0,1,1,0
9,63,0,5,0,0,0,1,0
13,91,0,15,0,0,0,1,0
13,43,0,13,0,0,0,0,0
14,47,0,8,0,0,1,0,0
14,82,0,12,0,0,1,1,0
16,207,0,90,1,0,1,1,1
9,85,1,18,0,0,0,1,0
16,102,0,7,0,0,0,1,0
13,106,0,17,0,0,0,1,0
12,95,0,13,0,0,0,1,0
19,256,1,85,1,1,1,1,1
19,187,1,53,1,1,1,1,1
9,79,0,4,0,0,0,1,0
17,5,0,2,0,0,0,0,0
15,74,0,18,0,0,0,1,0
20,31,0,10,0,1,0,0,0
22,158,0,32,1,1,1,1,1
17,49,0,1,0,0,0,0,0
17,92,1,18,0,0,1,1,0
15,79,0,12,0,0,1,1,0
10,92,0,9,0,0,0,1,0
17,95,0,3,0,0,0,1,0
11,88,0,2,0,0,0,1,0
14,74,0,14,0,0,1,1,0
15,67,0,10,0,0,0,1,0
13,104,0,15,0,0,1,1,0
14,21,1,11,0,0,1,0,0
20,55,0,16,0,1,1,1,0
7,83,1,36,1,1,0,1,1
16,85,0,1,0,0,1,1,0
17,5,0,11,0,0,1,0,0
15,84,0,15,0,0,1,1,0
9,431,1,77,1,0,1,1,1
6,445,0,74,1,1,1,1,1
11,10,0,13,0,0,0,0,0
21,69,1,44,1,1,0,1,1
16,91,0,4,0,0,0,1,0
14,61,0,1,0,0,1,1,0
9,67,0,1,0,0,1,1,0
16,84,0,16,0,0,0,1,0
10,37,0,12,0,0,0,0,0
10,83,0,15,0,0,0,1,0
12,8,1,5,0,0,0,0,0
14,95,0,13,0,0,0,1,0
15,39,0,19,0,0,0,0,0
8,101,1,84,1,1,1,1,1
12,116,0,6,0,0,0,1,0
16,85,0,14,0,0,1,1,0
12,77,0,19,0,0,0,1,0
17,21,0,13,0,0,0,0,0
15,84,0,9,0,0,0,1,0
9,114,0,3,0,0,0,1,0
20,102,1,5,0,1,1,1,0
15,74,0,1,0,0,1,1,0
10,463,1,94,1,0,1,1,1
16,58,0,15,0,0,0,1,0
10,75,0,12,0,0,1,1,0
14,66,0,18,0,0,0,1,0
10,105,0,2,0,0,0,1,0
20,91,0,15,0,1,1,1,0
4,459,1,44,1,1,1,1,1
17,21,0,15,0,0,1,0,0
20,167,1,98,1,1,1,1,1
17,44,0,11,0,0,0,0,0
1,335,1,79,1,1,1,1,1
10,66,0,2,0,0,0,1,0
13,101,0,12,0,0,1,1,0
16,50,0,15,0,0,1,0,0
14,26,0,7,0,0,0,0,0
16,84,0,2,0,0,0,1,0
10,73,0,10,0,0,1,1,0
14,99,0,4,0,0,0,1,0
9,105,0,19,0,0,0,1,0
10,74,0,2,0,0,1,1,0
11,29,0,19,0,0,0,0,0
15,35,0,6,0,0,0,0,0
15,44,0,15,0,0,0,0,0
10,16,0,17,0,0,1,0,0
14,81,0,7,0,0,0,1,0
16,5,0,1,0,0,0,0,0
20,15,0,4,0,1,1,0,0
9,96,0,12,0,0,0,1,0
16,73,0,11,0,0,0,1,0
4,154,0,93,1,1,1,1,1
4,328,0,78,1,1,1,1,1
15,8,0,11,0,0,1,0,0
9,84,0,4,0,0,0,1,0
10,62,0,15,0,0,0,1,0
12,18,0,3,0,0,0,0,0
15,67,0,17,0,0,0,1,0
16,97,0,19,0,0,0,1,0
16,45,0,14,0,0,0,0,0
17,21,0,15,0,0,0,0,0
11,86,0,10,0,0,0,1,0
1,258,1,27,1,1,1,1,0
4,303,1,66,1,1,1,1,1
17,90,0,13,0,0,0,1,0
20,65,0,16,0,1,0,1,0
17,116,0,16,0,0,0,1,0
12,98,0,9,0,0,0,1,0
9,85,0,6,0,0,0,1,0
15,355,0,72,1,0,1,1,1
16,30,0,5,0,0,1,0,0
15,33,0,2,0,0,1,0,0
9,78,0,7,0,0,0,1,0
11,105,0,14,0,0,0,1,0
16,51,0,18,0,0,0,1,0
9,80,0,10,0,0,0,1,0
9,15,0,17,0,0,0,0,0
21,225,1,80,1,1,1,1,1
17,115,0,14,0,0,1,1,0
13,119,0,19,0,0,1,1,0
10,18,1,12,0,0,0,0,0
9,117,0,6,0,0,0,1,0
15,185,1,83,1,0,0,1,1
9,218,1,66,1,0,1,1,1
10,110,0,19,0,0,1,1,0
15,82,0,19,0,0,0,1,0
15,75,0,12,0,0,0,1,0
9,86,0,2,0,0,0,1,0
13,370,1,70,1,0,1,1,1
20,55,0,18,0,1,0,1,0
14,36,0,17,0,0,0,0,0
17,27,1,5,0,0,0,0,0
10,70,0,18,0,0,0,1,0
13,65,0,3,0,0,1,1,0
10,79,0,13,0,0,0,1,0
12,108,0,10,0,0,1,1,0
11,77,0,5,0,0,0,1,0
20,46,0,7,0,1,0,0,0
9,106,0,8,0,0,0,1,0
10,61,0,13,0,0,0,1,0
17,82,0,7,0,0,0,1,0
15,23,0,14,0,0,0,0,0
16,46,0,3,0,0,0,0,0
10,111,0,16,0,0,0,1,0
20,106,0,19,0,1,1,1,0
13,5,0,15,0,0,0,0,0
14,78,0,15,0,0,0,1,0
15,338,1,20,1,0,1,1,0
13,22,0,14,0,0,0,0,0
14,101,0,14,0,0,1,1,0
14,242,1,73,1,0,1,1,1
17,81,0,10,0,0,0,1,0
14,61,0,15,0,0,0,1,0
20,11,0,14,0,1,0,0,0
14,52,0,3,0,0,0,1,0
17,65,0,19,0,0,0,1,0
12,103,0,18,0,0,0,1,0
12,97,0,19,0,0,0,1,0
11,56,0,14,0,0,0,1,0
12,67,0,7,0,0,1,1,0
12,70,0,6,0,0,1,1,0
15,32,0,5,0,0,0,0,0
10,102,0,19,0,0,0,1,0
14,14,0,3,0,0,0,0,0
14,49,0,1,0,0,0,0,0
9,465,1,20,1,0,1,1,0
15,37,0,3,0,0,0,0,0
17,76,0,16,0,0,0,1,0
12,24,0,12,0,0,0,0,0
10,52,0,6,0,0,1,1,0
15,116,0,2,0,0,0,1,0
11,33,0,12,0,0,1,0,0
20,107,0,6,0,1,1,1,0
12,88,0,7,0,0,0,1,0
20,100,0,12,0,1,0,1,0
16,38,0,14,0,0,1,0,0
9,64,0,4,0,0,1,1,0
16,79,0,2,0,0,0,1,0
14,78,0,11,0,0,0,1,0
10,14,0,8,0,0,0,0,0
9,40,0,17,0,0,0,0,0
16,50,0,8,0,0,1,0,0
15,33,0,15,0,0,1,0,0
10,36,0,12,0,0,1,0,0
15,61,0,5,0,0,0,1,0
11,207,1,29,1,0,0,1,0
17,101,0,9,0,0,0,1,0
11,41,0,12,0,0,0,0,0
14,93,0,8,0,0,0,1,0
10,59,0,13,0,0,0,1,0
14,108,0,8,0,0,0,1,0
16,102,0,16,0,0,0,1,0
9,55,0,19,0,0,1,1,0
16,179,1,47,1,0,1,1,1
9,35,0,18,0,0,0,0,0
15,56,0,6,0,0,1,1,0
14,25,0,8,0,0,0,0,0
11,86,0,19,0,0,0,1,0
16,64,0,4,0,0,1,1,0
9,447,1,61,1,0,1,1,1
10,91,0,18,0,0,0,1,0
11,42,0,15,0,0,0,0,0
10,91,0,17,0,0,0,1,0
17,22,1,14,0,0,0,0,0
16,81,0,11,0,0,0,1,0
20,66,0,10,0,1,0,1,0
16,75,0,6,0,0,0,1,0
13,62,0,4,0,0,0,1,0
12,102,0,10,0,0,1,1,0
17,77,0,1,0,0,0,1,0
17,56,0,7,0,0,0,1,0
10,14,0,5,0,0,0,0,0
13,75,0,14,0,0,0,1,0
15,85,0,2,0,0,1,1,0
12,366,1,43,1,0,0,1,1
16,39,0,7,0,0,0,0,0
12,118,0,15,0,0,0,1,0
14,273,1,62,1,0,1,1,1
19,74,1,44,1,1,0,1,1
14,64,0,11,0,0,1,1,0
17,86,0,9,0,0,0,1,0
17,93,0,13,0,0,0,1,0
12,32,0,12,0,0,0,0,0
15,84,0,16,0,0,0,1,0
17,41,1,5,0,0,0,0,0
13,55,0,7,0,0,0,1,0
14,8,1,8,0,0,1,0,0
22,117,1,89,1,1,1,1,1
9,47,0,19,0,0,0,0,0
9,29,0,2,0,0,0,0,0
22,273,1,44,1,1,1,1,1
9,11,0,9,0,0,0,0,0
13,68,0,5,0,0,0,1,0
20,76,0,16,0,1,0,1,0
15,46,1,12,0,0,0,0,0
17,77,0,2,0,0,0,1,0
16,102,0,19,0,0,0,1,0
16,55,1,14,0,0,0,1,0
16,76,0,14,0,0,0,1,0
11,71,0,16,0,0,0,1,0
14,42,0,15,0,0,0,0,0
11,29,0,9,0,0,0,0,0
12,37,0,5,0,0,1,0,0
20,104,0,2,0,1,1,1,0
15,93,0,16,0,0,1,1,0
15,51,0,15,0,0,0,1,0
8,338,1,96,1,1,0,1,1
13,245,1,36,1,0,0,1,1
16,95,0,5,0,0,0,1,0
12,69,0,18,0,0,1,1,0
14,388,1,21,1,0,1,1,0
18,435,1,80,1,0,1,1,1
17,17,0,4,0,0,0,0,0
20,16,1,19,0,1,0,0,0
15,95,0,16,0,0,0,1,0
12,49,1,6,0,0,1,0,0
11,10,1,5,0,0,1,0,0
13,79,0,17,0,0,1,1,0
17,72,0,1,0,0,0,1,0
21,111,0,52,1,1,1,1,1
11,41,0,16,0,0,1,0,0
11,112,0,17,0,0,0,1,0
16,24,0,18,0,0,0,0,0
13,34,0,7,0,0,0,0,0
15,93,0,4,0,0,0,1,0
13,24,0,14,0,0,0,0,0
5,280,1,95,1,1,1,1,1
10,80,0,8,0,0,0,1,0
17,19,0,16,0,0,0,0,0
12,29,0,5,0,0,0,0,0
9,14,1,8,0,0,1,0,0
17,362,1,45,1,0,1,1,1
15,29,0,13,0,0,0,0,0
20,85,0,19,0,1,0,1,0
10,80,0,1,0,0,1,1,0
10,98,1,7,0,0,1,1,0
10,58,0,4,0,0,0,1,0
14,22,0,18,0,0,0,0,0
20,118,0,17,0,1,0,1,0
13,11,0,16,0,0,1,0,0
14,64,0,7,0,0,0,1,0
17,103,0,14,0,0,1,1,0
13,107,0,5,0,0,1,1,0
13,41,0,2,0,0,0,0,0
16,49,0,1,0,0,0,0,0
10,41,0,3,0,0,1,0,0
15,96,0,9,0,0,1,1,0
9,14,1,8,0,0,0,0,0
17,42,0,1,0,0,0,0,0
10,15,0,8,0,0,0,0,0
13,10,0,2,0,0,1,0,0
13,109,0,2,0,0,0,1,0
20,94,0,11,0,1,0,1,0
14,97,0,11,0,0,0,1,0
20,65,0,6,0,1,0,1,0
16,109,0,12,0,0,0,1,0
11,85,0,4,0,0,1,1,0
6,188,1,50,1,1,1,1,1
17,34,1,16,0,0,0,0,0
13,23,0,17,0,0,0,0,0
13,20,0,17,0,0,1,0,0
20,114,1,79,1,1,0,1,1
20,60,0,5,0,1,0,1,0
10,36,1,7,0,0,0,0,0
15,6,0,17,0,0,0,0,0
11,32,1,8,0,0,1,0,0
13,109,0,2,0,0,1,1,0
15,63,0,2,0,0,1,1,0
11,330,0,25,1,0,1,1,0
12,29,0,4,0,0,0,0,0
13,88,0,5,0,0,0,1,0
9,20,0,3,0,0,1,0,0
15,84,0,3,0,0,0,1,0
12,134,1,73,1,0,1,1,1
15,37,0,17,0,0,0,0,0
17,63,0,16,0,0,0,1,0
16,41,0,19,0,0,0,0,0
13,69,0,18,0,0,0,1,0
13,37,0,17,0,0,0,0,0
16,109,0,10,0,0,1,1,0
12,66,0,2,0,0,1,1,0
16,114,0,6,0,0,1,1,0
11,80,0,10,0,0,0,1,0
12,31,0,16,0,0,0,0,0
16,70,0,16,0,0,0,1,0
16,69,1,15,0,0,0,1,0
9,105,0,2,0,0,0,1,0
11,34,0,18,0,0,0,0,0
15,77,0,12,0,0,0,1,0
11,91,0,9,0,0,0,1,0
9,62,1,7,0,0,0,1,0
16,113,0,1,0,0,0,1,0
13,36,0,9,0,0,0,0,0
3,433,1,83,1,1,1,1,1
5,162,1,80,1,1,1,1,1
9,95,0,16,0,0,0,1,0
17,44,0,13,0,0,0,0,0
17,64,0,18,0,0,0,1,0
12,106,0,18,0,0,0,1,0
20,54,0,7,0,1,1,1,0
20,21,0,9,0,1,0,0,0
17,30,0,10,0,0,1,0,0
20,12,0,15,0,1,1,0,0
12,66,0,7,0,0,0,1,0
15,30,0,16,0,0,1,0,0
20,36,0,4,0,1,0,0,0
15,7,0,1,0,0,0,0,0
14,99,0,6,0,0,0,1,0
9,339,1,41,1,0,1,1,1
22,95,1,80,1,1,1,1,1
20,47,0,12,0,1,0,0,0
12,105,0,4,0,0,1,1,0
15,113,0,5,0,0,0,1,0
14,272,1,52,1,0,1,1,1
11,38,1,6,0,0,0,0,0
20,52,0,7,0,1,1,1,0
20,21,0,7,0,1,0,0,0
3,326,0,43,1,1,1,1,1
21,453,0,49,1,1,1,1,1
10,21,0,4,0,0,0,0,0
20,61,0,8,0,1,0,1,0
15,20,0,18,0,0,0,0,0
9,40,0,17,0,0,0,0,0
12,105,0,9,0,0,0,1,0
9,88,0,15,0,0,1,1,0
10,117,0,10,0,0,0,1,0
13,17,0,14,0,0,0,0,0
22,74,0,90,1,1,1,1,1
17,96,0,3,0,0,0,1,0
15,50,1,5,0,0,1,0,0
13,42,0,2,0,0,0,0,0
12,104,1,13,0,0,0,1,0
14,248,0,65,1,0,0,1,1
13,58,0,11,0,0,1,1,0
13,196,1,34,1,0,0,1,1
2,471,1,63,1,1,1,1,1
15,6,0,7,0,0,0,0,0
12,92,0,1,0,0,0,1,0
0,450,1,81,1,1,0,1,1
13,55,0,19,0,0,0,1,0
12,83,0,5,0,0,0,1,0
8,274,1,34,1,1,1,1,1
17,99,0,5,0,0,0,1,0
12,450,0,85,1,0,0,1,1
16,30,1,14,0,0,0,0,0
14,54,0,19,0,0,0,1,0
1,426,1,25,1,1,1,1,0
12,108,0,10,0,0,0,1,0
10,317,1,58,1,0,1,1,1
11,49,0,18,0,0,0,0,0
10,46,0,7,0,0,1,0,0
12,6,0,18,0,0,1,0,0
13,97,0,10,0,0,0,1,0
16,68,0,14,0,0,0,1,0
15,10,0,17,0,0,0,0,0
20,40,0,10,0,1,1,0,0
20,103,1,10,0,1,0,1,0
16,101,1,61,1,0,1,1,1
9,96,0,12,0,0,1,1,0
10,106,0,1,0,0,0,1,0
15,49,0,11,0,0,1,0,0
20,235,1,29,1,1,1,1,0
20,105,0,3,0,1,1,1,0
15,17,0,3,0,0,0,0,0
12,113,0,5,0,0,0,1,0
15,18,0,17,0,0,0,0,0
17,37,0,3,0,0,0,0,0
13,48,0,9,0,0,0,0,0
2,102,1,94,1,1,1,1,1
9,113,0,17,0,0,0,1,0
9,92,0,18,0,0,0,1,0
16,11,0,3,0,0,1,0,0
3,265,1,42,1,1,1,1,1
23,398,1,95,1,1,1,1,1
9,26,0,16,0,0,0,0,0
11,81,0,17,0,0,0,1,0
17,88,0,17,0,0,0,1,0
6,471,0,24,1,1,1,1,0
13,64,0,16,0,0,0,1,0
9,67,0,15,0,0,0,1,0
20,92,0,18,0,1,0,1,0
11,51,0,2,0,0,1,1,0
13,10,0,5,0,0,0,0,0
12,266,0,35,1,0,0,1,1
13,37,0,15,0,0,0,0,0
10,67,0,17,0,0,0,1,0
11,89,1,15,0,0,1,1,0
13,89,0,19,0,0,0,1,0
17,412,1,43,1,0,1,1,1
17,101,0,1,0,0,0,1,0
15,98,1,17,0,0,1,1,0
15,73,0,10,0,0,1,1,0
11,77,0,1,0,0,1,1,0
15,72,0,1,0,0,0,1,0
10,32,0,15,0,0,0,0,0
16,64,0,6,0,0,1,1,0
11,90,0,18,0,0,0,1,0
17,22,0,16,0,0,0,0,0
20,18,0,14,0,1,0,0,0
13,90,0,5,0,0,0,1,0
17,45,1,18,0,0,0,0,0
13,32,0,10,0,0,0,0,0
16,91,0,8,0,0,0,1,0
11,53,0,12,0,0,1,1,0
21,283,1,28,1,1,1,1,0
17,412,1,91,1,0,0,1,1
15,97,0,3,0,0,0,1,0
17,60,0,9,0,0,1,1,0
16,46,0,7,0,0,0,0,0
16,89,0,17,0,0,1,1,0
16,52,0,17,0,0,0,1,0
17,15,0,7,0,0,0,0,0
13,21,0,16,0,0,0,0,0
10,93,0,7,0,0,0,1,0
8,205,1,60,1,1,1,1,1
12,115,0,11,0,0,0,1,0
15,56,1,8,0,0,0,1,0
12,28,0,13,0,0,0,0,0
12,42,0,14,0,0,0,0,0
10,6,0,18,0,0,0,0,0
10,44,0,3,0,0,0,0,0
12,18,0,4,0,0,0,0,0
20,51,0,11,0,1,0,1,0
0,329,1,88,1,1,1,1,1
11,84,1,76,1,0,1,1,1
16,87,0,17,0,0,0,1,0
17,65,0,4,0,0,0,1,0
12,46,0,11,0,0,0,0,0
14,39,0,8,0,0,1,0,0
16,76,1,15,0,0,0,1,0
11,268,0,78,1,0,1,1,1
20,39,0,5,0,1,0,0,0
7,407,1,63,1,1,1,1,1
12,32,0,8,0,0,0,0,0
17,46,0,16,0,0,0,0,0
16,22,1,6,0,0,1,0,0
12,34,0,7,0,0,1,0,0
14,59,0,15,0,0,0,1,0
15,85,1,8,0,0,0,1,0
22,58,1,69,1,1,1,1,1
23,136,1,90,1,1,0,1,1
13,91,0,15,0,0,0,1,0
16,29,0,18,0,0,0,0,0
9,119,0,15,0,0,1,1,0
17,92,0,11,0,0,1,1,0
4,168,0,62,1,1,0,1,1
17,95,0,19,0,0,0,1,0
16,50,0,1,0,0,0,0,0
0,438,0,46,1,1,1,1,1
16,78,0,16,0,0,1,1,0
15,20,0,9,0,0,1,0,0
16,27,0,14,0,0,0,0,0
13,22,0,12,0,0,0,0,0
13,213,1,98,1,0,1,1,1
9,115,0,17,0,0,0,1,0
15,110,0,10,0,0,0,1,0
13,34,0,17,0,0,0,0,0
17,6,0,16,0,0,1,0,0
12,101,0,2,0,0,0,1,0
15,51,0,17,0,0,0,1,0
17,47,0,19,0,0,0,0,0
15,66,0,14,0,0,0,1,0
20,22,0,16,0,1,1,0,0
20,103,0,13,0,1,0,1,0
16,101,0,7,0,0,0,1,0
9,92,1,9,0,0,0,1,0
16,12,0,9,0,0,1,0,0
12,33,0,12,0,0,0,0,0
16,23,0,19,0,0,0,0,0
14,307,1,68,1,0,1,1,1
20,116,0,1,0,1,1,1,0
13,116,0,17,0,0,1,1,0
14,64,0,12,0,0,0,1,0
12,11,1,9,0,0,1,0,0
9,85,0,6,0,0,1,1,0
10,86,0,10,0,0,0,1,0
17,97,0,13,0,0,0,1,0
23,302,1,21,1,1,1,1,0
9,47,0,5,0,0,1,0,0
15,256,1,63,1,0,1,1,1
13,30,0,3,0,0,0,0,0
9,60,0,17,0,0,0,1,0
17,59,0,16,0,0,0,1,0
14,55,0,4,0,0,0,1,0
20,84,0,15,0,1,0,1,0
13,81,0,13,0,0,1,1,0
17,51,0,8,0,0,0,1,0
3,442,1,41,1,1,1,1,1
17,62,0,5,0,0,1,1,0
15,48,0,2,0,0,0,0,0
13,43,0,7,0,0,0,0,0
14,97,0,16,0,0,0,1,0
15,39,0,5,0,0,0,0,0
12,84,0,17,0,0,0,1,0
13,74,1,15,0,0,0,1,0
15,13,1,10,0,0,0,0,0
17,44,0,6,0,0,0,0,0
15,53,0,18,0,0,0,1,0
15,90,0,9,0,0,1,1,0
14,62,0,16,0,0,0,1,0
17,89,0,9,0,0,0,1,0
17,81,0,5,0,0,0,1,0
11,52,0,12,0,0,1,1,0
13,26,0,16,0,0,0,0,0
12,115,0,8,0,0,0,1,0
20,25,1,9,0,1,0,0,0
9,117,0,8,0,0,0,1,0
16,488,0,55,1,0,1,1,1
15,43,0,9,0,0,1,0,0
9,40,0,6,0,0,0,0,0
10,15,0,18,0,0,0,0,0
17,90,0,12,0,0,0,1,0
16,345,1,76,1,0,1,1,1
10,408,1,87,1,0,1,1,1
9,71,0,4,0,0,1,1,0
11,66,1,11,0,0,0,1,0
17,70,0,9,0,0,0,1,0
20,42,0,7,0,1,0,0,0
15,109,0,6,0,0,0,1,0
15,83,0,7,0,0,0,1,0
13,51,0,5,0,0,0,1,0
17,5,0,16,0,0,0,0,0
20,111,0,18,0,1,1,1,0
10,74,1,12,0,0,0,1,0
9,52,0,11,0,0,0,1,0
16,96,0,9,0,0,0,1,0
11,97,1,18,0,0,0,1,0
14,486,1,44,1,0,0,1,1
20,24,0,11,0,1,1,0,0
20,57,0,1,0,1,0,1,0
12,60,0,13,0,0,0,1,0
16,45,0,7,0,0,1,0,0
12,16,1,12,0,0,0,0,0
11,17,0,10,0,0,0,0,0
17,57,0,4,0,0,0,1,0
12,78,0,7,0,0,0,1,0
23,201,1,50,1,1,0,1,1
13,9,1,2,0,0,1,0,0
16,110,0,3,0,0,0,1,0
10,80,0,9,0,0,0,1,0
17,107,0,7,0,0,1,1,0
11,85,0,1,0,0,0,1,0
13,68,0,6,0,0,0,1,0
9,51,0,7,0,0,0,1,0
12,97,1,10,0,0,1,1,0
11,115,0,15,0,0,0,1,0
9,44,0,8,0,0,1,0,0
10,93,0,10,0,0,0,1,0
11,27,0,11,0,0,0,0,0
14,25,0,9,0,0,1,0,0
11,19,0,19,0,0,0,0,0
14,73,1,2,0,0,0,1,0
13,92,0,11,0,0,0,1,0
5,479,1,63,1,1,0,1,1
20,21,0,3,0,1,0,0,0
14,79,0,14,0,0,0,1,0
14,112,0,9,0,0,0,1,0
9,59,0,3,0,0,0,1,0
16,359,0,61,1,0,0,1,1
12,15,1,7,0,0,0,0,0
20,102,0,19,0,1,0,1,0
17,119,0,14,0,0,0,1,0
16,72,0,13,0,0,0,1,0
13,5,1,5,0,0,0,0,0
10,109,0,4,0,0,1,1,0
15,6,0,3,0,0,0,0,0
14,58,0,11,0,0,0,1,0
14,73,0,10,0,0,1,1,0
16,29,0,13,0,0,0,0,0
15,109,0,14,0,0,0,1,0
16,43,0,3,0,0,0,0,0
9,7,0,5,0,0,0,0,0
16,37,0,19,0,0,0,0,0
15,53,0,16,0,0,0,1,0
9,101,0,8,0,0,0,1,0
17,108,1,17,0,0,1,1,0
10,19,0,8,0,0,0,0,0
15,32,0,15,0,0,0,0,0
12,63,0,4,0,0,0,1,0
11,50,0,3,0,0,0,0,0
11,18,0,17,0,0,0,0,0
9,16,0,13,0,0,0,0,0
19,384,0,77,1,1,1,1,1
20,61,0,4,0,1,0,1,0
15,29,0,15,0,0,0,0,0
11,36,1,8,0,0,1,0,0
20,32,0,2,0,1,1,0,0
20,53,0,4,0,1,0,1,0
13,39,0,19,0,0,0,0,0
12,54,0,14,0,0,0,1,0
10,17,0,16,0,0,0,0,0
12,91,0,9,0,0,0,1,0
9,38,0,14,0,0,1,0,0
9,449,1,91,1,0,1,1,1
16,40,0,7,0,0,0,0,0
14,20,0,4,0,0,1,0,0
11,52,0,6,0,0,1,1,0
20,50,0,13,0,1,0,0,0
13,14,0,11,0,0,0,0,0
16,77,0,8,0,0,1,1,0
15,59,0,11,0,0,0,1,0
12,34,0,13,0,0,0,0,0
17,38,0,10,0,0,1,0,0
13,84,0,18,0,0,0,1,0
20,81,0,10,0,1,0,1,0
12,17,0,9,0,0,0,0,0
14,51,0,3,0,0,0,1,0
10,48,0,8,0,0,0,0,0
9,78,0,15,0,0,0,1,0
20,36,0,6,0,1,1,0,0
12,6,0,5,0,0,0,0,0
12,75,0,7,0,0,1,1,0
16,50,0,5,0,0,0,0,0
10,36,0,15,0,0,1,0,0
9,55,0,2,0,0,1,1,0
17,71,1,44,1,0,1,1,1
9,108,0,10,0,0,1,1,0
16,70,0,11,0,0,0,1,0
20,49,0,14,0,1,0,0,0
10,52,0,1,0,0,0,1,0
15,93,1,17,0,0,0,1,0
13,16,0,8,0,0,0,0,0
11,111,0,13,0,0,0,1,0
10,22,0,8,0,0,1,0,0
10,20,0,7,0,0,0,0,0
13,17,0,13,0,0,0,0,0
9,22,0,5,0,0,0,0,0
9,47,0,18,0,0,0,0,0
16,113,0,18,0,0,0,1,0
14,102,0,5,0,0,1,1,0
17,113,0,17,0,0,1,1,0
12,103,0,18,0,0,1,1,0
17,463,1,38,1,0,1,1,1
12,69,0,13,0,0,0,1,0
16,56,0,3,0,0,0,1,0
10,72,0,12,0,0,0,1,0
15,16,0,10,0,0,0,0,0
15,27,0,10,0,0,0,0,0
20,102,0,7,0,1,0,1,0
14,47,0,18,0,0,1,0,0
20,94,1,6,0,1,0,1,0
9,39,0,19,0,0,0,0,0
15,21,0,10,0,0,0,0,0
12,216,1,27,1,0,1,1,0
12,62,0,17,0,0,0,1,0
10,46,0,9,0,0,1,0,0
9,78,0,18,0,0,0,1,0
15,71,0,12,0,0,0,1,0
15,61,0,14,0,0,0,1,0
18,405,1,64,1,0,1,1,1
13,58,0,19,0,0,0,1,0
10,69,0,13,0,0,1,1,0
11,47,1,19,0,0,0,0,0
9,5,0,12,0,0,0,0,0
13,78,0,3,0,0,1,1,0
9,68,0,19,0,0,0,1,0
13,48,0,14,0,0,0,0,0
16,108,0,15,0,0,0,1,0
10,68,0,1,0,0,0,1,0
14,88,0,19,0,0,0,1,0
14,112,0,18,0,0,1,1,0
17,7,0,9,0,0,1,0,0
20,71,0,15,0,1,0,1,0
14,395,1,67,1,0,1,1,1
12,76,0,18,0,0,1,1,0
17,48,0,1,0,0,0,0,0
17,14,0,8,0,0,1,0,0
20,7,0,2,0,1,1,0,0
9,43,0,13,0,0,1,0,0
11,28,0,8,0,0,1,0,0
9,73,0,11,0,0,0,1,0
22,341,1,63,1,1,1,1,1
23,469,0,29,1,1,0,1,0
12,336,1,73,1,0,1,1,1
15,94,0,15,0,0,0,1,0
14,48,0,13,0,0,0,0,0
2,314,1,95,1,1,1,1,1
20,114,0,9,0,1,0,1,0
10,59,0,14,0,0,1,1,0
11,90,0,12,0,0,1,1,0
20,37,0,5,0,1,1,0,0
12,105,0,18,0,0,1,1,0
15,85,0,9,0,0,1,1,0
5,127,1,32,1,1,0,1,1
13,481,1,80,1,0,0,1,1
12,39,0,6,0,0,0,0,0
11,109,0,19,0,0,0,1,0
14,64,0,13,0,0,0,1,0
7,393,1,38,1,1,1,1,1
15,63,0,3,0,0,0,1,0
17,105,0,16,0,0,0,1,0
13,97,0,11,0,0,0,1,0
12,84,0,4,0,0,1,1,0
10,112,1,18,0,0,1,1,0
14,45,0,19,0,0,0,0,0
12,43,1,12,0,0,0,0,0
20,111,0,8,0,1,0,1,0
10,44,0,10,0,0,0,0,0
13,20,0,2,0,0,1,0,0
14,50,0,13,0,0,0,0,0
12,21,0,14,0,0,1,0,0
9,42,0,4,0,0,0,0,0
15,15,0,3,0,0,0,0,0
16,93,0,15,0,0,0,1,0
18,137,1,96,1,0,1,1,1
14,31,0,3,0,0,0,0,0
12,59,0,11,0,0,0,1,0
10,63,1,7,0,0,0,1,0
16,25,0,15,0,0,0,0,0
10,8,1,18,0,0,0,0,0
15,356,1,61,1,0,1,1,1
14,115,0,19,0,0,0,1,0
20,102,0,17,0,1,0,1,0
20,93,0,12,0,1,1,1,0
10,119,0,17,0,0,0,1,0
10,107,0,5,0,0,0,1,0
14,43,0,7,0,0,0,0,0
18,372,1,83,1,0,1,1,1
11,109,0,6,0,0,0,1,0
10,62,0,16,0,0,0,1,0
12,103,0,7,0,0,1,1,0
17,105,0,3,0,0,0,1,0
15,289,0,71,1,0,1,1,1
11,91,0,17,0,0,1,1,0
16,55,0,16,0,0,0,1,0
15,105,0,16,0,0,0,1,0
12,44,0,16,0,0,1,0,0
16,36,1,2,0,0,0,0,0
10,102,0,12,0,0,0,1,0
10,42,0,5,0,0,0,0,0
12,30,0,6,0,0,0,0,0
14,63,0,4,0,0,0,1,0
16,26,0,19,0,0,0,0,0
12,57,0,11,0,0,0,1,0
9,113,0,3,0,0,0,1,0
10,103,0,15,0,0,1,1,0
16,116,0,14,0,0,0,1,0
11,16,0,14,0,0,0,0,0
8,315,1,58,1,1,1,1,1
14,92,1,1,0,0,0,1,0
16,112,1,1,0,0,0,1,0
16,63,1,1,0,0,0,1,0
11,12,0,18,0,0,1,0,0
13,62,0,8,0,0,0,1,0
20,70,0,10,0,1,0,1,0
15,84,1,19,0,0,0,1,0
20,93,0,10,0,1,1,1,0
10,32,0,12,0,0,1,0,0
10,83,1,94,1,0,1,1,1
10,105,0,6,0,0,0,1,0
11,15,1,8,0,0,1,0,0
15,96,1,5,0,0,0,1,0
11,71,0,15,0,0,0,1,0
17,17,0,10,0,0,0,0,0
13,51,0,5,0,0,0,1,0
10,21,0,3,0,0,0,0,0
13,22,0,12,0,0,0,0,0
12,84,0,3,0,0,0,1,0
17,59,0,11,0,0,0,1,0
11,32,0,5,0,0,0,0,0
9,98,0,10,0,0,0,1,0
11,7,0,8,0,0,1,0,0
14,85,1,19,0,0,0,1,0
16,96,0,16,0,0,0,1,0
13,201,1,82,1,0,1,1,1
12,49,0,13,0,0,1,0,0
16,103,0,2,0,0,0,1,0
20,102,0,7,0,1,0,1,0
13,113,0,8,0,0,0,1,0
8,403,1,74,1,1,1,1,1
16,106,0,5,0,0,0,1,0
10,20,1,18,0,0,0,0,0
20,79,1,11,0,1,0,1,0
15,31,0,7,0,0,0,0,0
14,119,0,18,0,0,0,1,0
8,415,0,61,1,1,1,1,1
14,97,0,16,0,0,1,1,0
14,5,0,10,0,0,0,0,0
17,61,0,14,0,0,1,1,0
18,369,1,57,1,0,0,1,1
11,113,0,15,0,0,0,1,0
17,23,0,2,0,0,0,0,0
10,35,0,15,0,0,1,0,0
13,66,0,6,0,0,0,1,0
11,16,1,5,0,0,0,0,0
20,85,0,12,0,1,0,1,0
17,40,1,4,0,0,0,0,0
11,73,0,5,0,0,0,1,0
16,55,1,7,0,0,1,1,0
10,66,0,13,0,0,0,1,0
15,66,0,11,0,0,1,1,0
15,95,0,14,0,0,0,1,0
9,11,0,4,0,0,0,0,0
16,115,0,7,0,0,0,1,0
17,90,0,17,0,0,0,1,0
11,107,0,18,0,0,0,1,0
15,65,1,6,0,0,1,1,0
6,152,1,48,1,1,1,1,1
17,108,0,18,0,0,1,1,0
12,87,1,9,0,0,1,1,0
5,230,1,50,1,1,0,1,1
17,46,1,11,0,0,0,0,0
9,80,0,1,0,0,0,1,0
13,26,0,12,0,0,0,0,0
17,82,0,12,0,0,0,1,0
12,24,1,13,0,0,0,0,0
17,20,0,19,0,0,1,0,0
20,84,0,2,0,1,0,1,0
11,109,0,5,0,0,0,1,0
12,16,0,10,0,0,0,0,0
10,7,0,13,0,0,0,0,0
20,68,0,1,0,1,0,1,0
16,15,1,7,0,0,0,0,0
20,114,0,4,0,1,0,1,0
9,82,0,11,0,0,0,1,0
11,80,0,7,0,0,0,1,0
17,82,0,2,0,0,1,1,0
16,55,0,19,0,0,1,1,0
17,62,0,7,0,0,0,1,0
10,55,1,7,0,0,0,1,0
16,59,0,13,0,0,0,1,0
17,43,0,17,0,0,0,0,0
20,88,1,11,0,1,0,1,0
10,84,0,7,0,0,0,1,0
10,31,0,11,0,0,0,0,0
17,37,0,16,0,0,0,0,0
11,45,0,2,0,0,0,0,0
9,46,0,8,0,0,0,0,0
17,71,0,5,0,0,0,1,0
17,76,0,12,0,0,1,1,0
15,110,0,13,0,0,0,1,0
13,111,1,19,0,0,0,1,0
15,70,0,17,0,0,0,1,0
9,57,1,15,0,0,0,1,0
17,66,1,18,0,0,0,1,0
7,434,0,23,1,1,1,1,0
13,106,0,7,0,0,0,1,0
16,45,0,11,0,0,1,0,0
11,97,0,8,0,0,0,1,0
13,96,0,11,0,0,0,1,0
11,22,0,3,0,0,0,0,0
17,30,0,19,0,0,0,0,0
17,26,0,13,0,0,1,0,0
17,53,0,17,0,0,0,1,0
16,100,0,15,0,0,0,1,0
15,60,0,6,0,0,0,1,0
16,24,0,19,0,0,0,0,0
17,38,0,6,0,0,0,0,0
9,113,0,3,0,0,0,1,0
22,302,0,79,1,1,0,1,1
12,105,0,9,0,0,0,1,0
9,63,0,2,0,0,0,1,0
10,119,1,2,0,0,0,1,0
13,43,1,2,0,0,0,0,0
19,212,1,73,1,1,0,1,1
13,57,0,4,0,0,0,1,0
12,113,0,2,0,0,0,1,0
14,9,0,12,0,0,0,0,0
4,190,1,66,1,1,1,1,1
11,68,0,6,0,0,1,1,0
17,56,0,1,0,0,0,1,0
12,85,0,6,0,0,0,1,0
10,110,0,19,0,0,0,1,0
15,321,1,56,1,0,1,1,1
10,45,0,6,0,0,0,0,0
7,344,1,68,1,1,1,1,1
16,33,0,14,0,0,0,0,0
9,111,0,14,0,0,0,1,0
15,30,0,4,0,0,1,0,0
17,97,0,18,0,0,0,1,0
9,118,0,13,0,0,0,1,0
15,45,0,6,0,0,1,0,0
18,228,0,82,1,0,1,1,1
13,28,1,14,0,0,0,0,0
10,16,0,5,0,0,1,0,0
11,24,0,19,0,0,1,0,0
17,25,0,1,0,0,0,0,0
12,68,1,3,0,0,0,1,0
17,98,0,12,0,0,0,1,0
20,36,0,9,0,1,0,0,0
14,46,0,16,0,0,0,0,0
10,29,0,1,0,0,0,0,0
10,9,0,11,0,0,0,0,0
22,389,1,76,1,1,1,1,1
15,56,0,3,0,0,0,1,0
9,95,0,15,0,0,0,1,0
10,21,0,15,0,0,0,0,0
12,96,0,14,0,0,0,1,0
12,117,0,3,0,0,0,1,0
17,113,0,8,0,0,0,1,0
11,84,0,13,0,0,1,1,0
15,79,0,6,0,0,0,1,0
13,143,1,81,1,0,0,1,1
12,9,1,10,0,0,1,0,0
9,95,0,18,0,0,0,1,0
16,11,0,16,0,0,0,0,0
15,19,0,13,0,0,1,0,0
10,95,0,14,0,0,0,1,0
15,72,0,3,0,0,1,1,0
13,52,0,15,0,0,1,1,0
20,61,0,7,0,1,0,1,0
14,106,0,2,0,0,1,1,0
13,115,0,1,0,0,0,1,0
15,7,0,5,0,0,1,0,0
19,52,1,35,1,1,1,1,1
9,51,0,10,0,0,0,1,0
15,94,0,18,0,0,0,1,0
10,70,0,15,0,0,0,1,0
16,31,0,11,0,0,0,0,0
10,82,1,9,0,0,0,1,0
11,69,0,15,0,0,0,1,0
9,36,0,2,0,0,1,0,0
11,83,0,81,1,0,1,1,1
12,22,0,16,0,0,0,0,0
15,54,0,3,0,0,1,1,0
11,15,0,5,0,0,1,0,0
11,99,0,19,0,0,1,1,0
20,25,0,8,0,1,0,0,0
13,32,0,8,0,0,0,0,0
16,6,0,5,0,0,0,0,0
14,26,1,13,0,0,0,0,0
20,111,0,9,0,1,0,1,0
16,32,0,4,0,0,0,0,0
2,165,1,33,1,1,1,1,1
11,37,0,10,0,0,1,0,0
20,86,1,12,0,1,0,1,0
20,29,0,3,0,1,0,0,0
20,111,0,9,0,1,0,1,0
14,119,0,9,0,0,0,1,0
11,23,1,17,0,0,0,0,0
14,69,0,18,0,0,0,1,0
13,34,0,10,0,0,0,0,0
15,107,0,4,0,0,0,1,0
16,116,0,17,0,0,0,1,0
15,89,0,15,0,0,0,1,0
14,8,0,10,0,0,0,0,0
11,114,0,18,0,0,0,1,0
5,145,1,47,1,1,1,1,1
13,5,0,8,0,0,1,0,0
16,143,1,82,1,0,1,1,1
16,29,0,2,0,0,0,0,0
15,35,0,11,0,0,0,0,0
11,107,0,14,0,0,0,1,0
16,40,0,14,0,0,1,0,0
11,23,0,1,0,0,0,0,0
17,53,0,18,0,0,1,1,0
9,216,1,58,1,0,0,1,1
13,61,1,62,1,0,1,1,1
11,14,0,12,0,0,0,0,0
12,90,0,15,0,0,1,1,0
10,104,0,12,0,0,0,1,0
9,113,0,7,0,0,0,1,0
9,63,0,8,0,0,1,1,0
10,77,1,15,0,0,0,1,0
14,10,0,3,0,0,1,0,0
15,95,0,19,0,0,0,1,0
13,25,0,1,0,0,1,0,0
14,71,0,10,0,0,0,1,0
10,63,0,19,0,0,0,1,0
15,119,0,15,0,0,0,1,0
15,32,0,19,0,0,0,0,0
14,115,0,1,0,0,0,1,0
12,63,0,8,0,0,0,1,0
11,117,0,4,0,0,0,1,0
13,41,0,11,0,0,0,0,0
16,90,0,3,0,0,0,1,0
14,80,0,9,0,0,0,1,0
10,436,0,78,1,0,0,1,1
16,454,0,38,1,0,1,1,1
9,114,0,2,0,0,1,1,0
17,70,0,18,0,0,0,1,0
20,11,0,6,0,1,0,0,0
20,48,1,15,0,1,0,0,0
15,27,0,10,0,0,0,0,0
12,101,0,17,0,0,0,1,0
15,487,1,83,1,0,0,1,1
10,108,0,18,0,0,1,1,0
20,50,0,16,0,1,0,0,0
10,117,0,7,0,0,0,1,0
10,49,1,6,0,0,0,0,0
16,83,0,8,0,0,1,1,0
12,37,0,16,0,0,0,0,0
14,88,0,13,0,0,0,1,0
11,117,0,14,0,0,0,1,0
14,451,1,21,1,0,1,1,0
12,56,0,16,0,0,0,1,0
7,409,1,59,1,1,0,1,1
11,76,0,7,0,0,0,1,0
14,122,1,67,1,0,1,1,1
10,115,0,4,0,0,0,1,0
10,71,0,5,0,0,1,1,0
12,80,1,34,1,0,1,1,1
17,9,0,2,0,0,0,0,0
17,63,0,4,0,0,0,1,0
17,7,0,2,0,0,0,0,0
9,103,0,16,0,0,0,1,0
10,11,0,3,0,0,0,0,0
15,50,0,15,0,0,0,0,0
9,94,0,19,0,0,1,1,0
11,112,0,3,0,0,1,1,0
12,82,0,19,0,0,0,1,0
12,30,0,11,0,0,0,0,0
11,25,0,1,0,0,0,0,0
17,22,0,8,0,0,0,0,0
4,438,1,38,1,1,1,1,1
16,25,0,18,0,0,1,0,0
16,71,0,9,0,0,0,1,0
12,72,1,58,1,0,0,1,1
9,59,0,5,0,0,0,1,0
16,71,0,7,0,0,0,1,0
10,29,0,7,0,0,1,0,0
9,103,0,16,0,0,1,1,0
15,20,0,8,0,0,1,0,0
5,198,1,45,1,1,1,1,1
15,39,0,5,0,0,0,0,0
13,67,0,3,0,0,0,1,0
11,11,0,1,0,0,1,0,0
5,293,1,57,1,1,1,1,1
7,203,1,47,1,1,1,1,1
20,442,0,34,1,1,0,1,1
16,105,0,2,0,0,0,1,0
12,118,0,6,0,0,0,1,0
12,96,0,2,0,0,0,1,0
10,45,0,15,0,0,1,0,0
12,26,0,19,0,0,1,0,0
9,43,0,4,0,0,0,0,0
16,64,0,19,0,0,0,1,0
15,49,0,2,0,0,1,0,0
12,69,0,1,0,0,0,1,0
9,46,0,3,0,0,0,0,0
14,49,0,11,0,0,0,0,0
13,65,0,19,0,0,0,1,0
9,21,1,14,0,0,0,0,0
14,55,0,8,0,0,0,1,0
13,51,0,17,0,0,0,1,0
13,50,0,12,0,0,0,0,0
15,83,0,10,0,0,1,1,0
9,40,0,8,0,0,0,0,0
20,59,0,9,0,1,0,1,0
17,60,0,6,0,0,0,1,0
15,42,0,6,0,0,0,0,0
16,118,0,15,0,0,1,1,0
16,76,0,17,0,0,0,1,0
17,16,0,11,0,0,1,0,0
20,61,0,1,0,1,1,1,0
15,91,0,9,0,0,0,1,0
12,495,1,35,1,0,0,1,1
18,425,1,57,1,0,1,1,1
20,110,0,11,0,1,1,1,0
20,13,0,2,0,1,0,0,0
15,62,0,1,0,0,0,1,0
8,252,1,80,1,1,1,1,1
9,90,0,7,0,0,0,1,0
9,17,0,11,0,0,0,0,0
14,116,0,5,0,0,0,1,0
21,344,1,48,1,1,1,1,1
20,21,0,19,0,1,0,0,0
10,17,0,16,0,0,0,0,0
17,33,0,7,0,0,0,0,0
14,158,1,29,1,0,1,1,0
9,116,0,19,0,0,0,1,0
15,17,0,1,0,0,0,0,0
20,9,0,11,0,1,0,0,0
10,77,0,1,0,0,0,1,0
9,103,0,4,0,0,0,1,0
13,86,0,17,0,0,0,1,0
9,98,1,84,1,0,1,1,1
12,23,0,18,0,0,1,0,0
9,316,1,81,1,0,0,1,1
17,61,0,13,0,0,1,1,0
17,5,0,12,0,0,0,0,0
14,96,0,9,0,0,0,1,0
15,100,0,18,0,0,0,1,0
16,50,0,5,0,0,1,0,0
20,103,0,1,0,1,1,1,0
16,117,0,17,0,0,1,1,0
9,5,0,13,0,0,0,0,0
10,89,0,6,0,0,1,1,0
13,63,0,16,0,0,0,1,0
9,40,0,2,0,0,1,0,0
16,86,0,19,0,0,1,1,0
17,110,0,3,0,0,0,1,0
14,34,0,8,0,0,0,0,0
13,34,0,1,0,0,0,0,0
11,91,0,2,0,0,0,1,0
9,96,0,19,0,0,0,1,0
18,329,1,47,1,0,1,1,1
22,117,1,84,1,1,0,1,1
19,244,1,97,1,1,1,1,1
20,52,0,19,0,1,0,1,0
10,125,1,40,1,0,1,1,1
12,97,0,18,0,0,0,1,0
20,113,0,9,0,1,0,1,0
8,264,0,42,1,1,1,1,1
11,51,0,14,0,0,1,1,0
13,72,0,14,0,0,0,1,0
20,94,0,4,0,1,0,1,0
11,57,1,88,1,0,1,1,1
14,109,0,12,0,0,0,1,0
10,19,0,5,0,0,0,0,0
17,102,0,2,0,0,0,1,0
9,61,0,11,0,0,1,1,0
19,219,1,92,1,1,0,1,1
9,45,0,11,0,0,0,0,0
12,52,0,5,0,0,0,1,0
14,55,0,8,0,0,0,1,0
15,32,0,17,0,0,0,0,0
17,44,0,7,0,0,0,0,0
3,495,0,95,1,1,0,1,1
17,43,0,1,0,0,1,0,0
15,26,0,9,0,0,0,0,0
11,5,0,16,0,0,0,0,0
10,115,0,19,0,0,0,1,0
12,109,0,7,0,0,1,1,0
20,29,0,6,0,1,0,0,0
11,64,1,12,0,0,1,1,0
14,40,0,13,0,0,0,0,0
15,103,0,7,0,0,1,1,0
13,110,0,17,0,0,0,1,0
12,37,0,16,0,0,0,0,0
12,491,1,85,1,0,1,1,1
17,67,0,16,0,0,0,1,0
22,216,0,33,1,1,1,1,1
16,79,0,6,0,0,0,1,0
14,54,0,3,0,0,1,1,0
14,23,0,13,0,0,0,0,0
15,11,0,8,0,0,1,0,0
17,17,1,2,0,0,0,0,0
12,54,0,7,0,0,1,1,0
12,89,0,11,0,0,1,1,0
14,41,1,11,0,0,1,0,0
14,380,1,31,1,0,0,1,1
14,48,0,6,0,0,0,0,0
15,99,0,13,0,0,0,1,0
13,97,0,4,0,0,1,1,0
13,118,1,18,0,0,0,1,0
20,116,0,17,0,1,1,1,0
13,62,0,19,0,0,1,1,0
13,10,0,18,0,0,0,0,0
10,71,0,4,0,0,0,1,0
15,104,0,15,0,0,0,1,0
21,75,0,57,1,1,0,1,1
14,117,0,19,0,0,0,1,0
11,25,0,3,0,0,1,0,0
17,51,0,5,0,0,1,1,0
13,90,0,10,0,0,1,1,0
21,153,1,73,1,1,1,1,1
14,27,0,10,0,0,0,0,0
15,105,0,8,0,0,0,1,0
12,257,1,43,1,0,0,1,1
10,58,0,9,0,0,0,1,0
6,260,1,83,1,1,1,1,1
13,12,0,3,0,0,0,0,0
13,15,0,3,0,0,0,0,0
16,16,0,17,0,0,0,0,0
10,42,0,9,0,0,0,0,0
13,8,0,19,0,0,0,0,0
17,26,0,12,0,0,0,0,0
16,115,0,12,0,0,0,1,0
11,39,0,15,0,0,0,0,0
10,23,1,10,0,0,0,0,0
9,113,0,8,0,0,0,1,0
10,93,0,10,0,0,0,1,0
13,87,0,2,0,0,0,1,0
12,116,0,15,0,0,0,1,0
20,18,0,15,0,1,0,0,0
9,6,0,5,0,0,0,0,0
22,198,1,31,1,1,1,1,1
10,11,0,19,0,0,0,0,0
17,89,0,3,0,0,0,1,0
17,141,1,70,1,0,0,1,1
10,82,0,19,0,0,1,1,0
13,58,1,40,1,0,1,1,1
11,91,1,2,0,0,0,1,0
14,41,0,2,0,0,1,0,0
20,36,0,17,0,1,0,0,0
11,112,0,9,0,0,0,1,0
17,7,1,10,0,0,0,0,0
14,30,0,8,0,0,1,0,0
17,64,0,4,0,0,0,1,0
12,23,0,3,0,0,0,0,0
9,75,0,19,0,0,0,1,0
13,47,0,14,0,0,0,0,0
14,101,1,1,0,0,0,1,0
17,69,1,53,1,0,0,1,1
20,449,1,47,1,1,1,1,1
15,53,0,8,0,0,1,1,0
13,58,0,3,0,0,1,1,0
12,93,0,7,0,0,0,1,0
13,111,0,16,0,0,1,1,0
12,73,0,10,0,0,1,1,0
5,297,1,32,1,1,1,1,1
13,31,0,13,0,0,1,0,0
15,17,0,14,0,0,0,0,0
10,114,1,20,1,0,1,1,0
14,262,1,75,1,0,1,1,1
7,428,1,97,1,1,1,1,1
16,56,0,8,0,0,0,1,0
13,108,0,19,0,0,0,1,0
10,105,0,8,0,0,1,1,0
12,84,1,8,0,0,1,1,0
10,94,0,9,0,0,0,1,0
12,22,0,6,0,0,0,0,0
13,99,0,5,0,0,0,1,0
14,79,1,19,0,0,0,1,0
13,82,0,19,0,0,0,1,0
15,118,1,4,0,0,1,1,0
11,40,0,2,0,0,0,0,0
15,62,0,12,0,0,0,1,0
11,15,0,13,0,0,0,0,0
16,96,0,6,0,0,0,1,0
9,12,1,9,0,0,0,0,0
13,104,0,16,0,0,1,1,0
11,106,0,6,0,0,0,1,0
17,21,0,6,0,0,0,0,0
14,70,0,6,0,0,0,1,0
17,79,0,6,0,0,0,1,0
16,23,0,1,0,0,1,0,0
20,50,0,3,0,1,0,0,0
23,277,1,65,1,1,1,1,1
2,285,0,36,1,1,1,1,1
13,75,0,2,0,0,0,1,0
14,89,0,10,0,0,0,1,0
17,89,0,2,0,0,0,1,0
10,59,0,6,0,0,1,1,0
10,31,0,4,0,0,0,0,0
17,26,0,18,0,0,1,0,0
20,43,0,12,0,1,0,0,0
20,23,0,5,0,1,0,0,0
16,71,0,2,0,0,0,1,0
11,72,0,11,0,0,0,1,0
16,31,0,8,0,0,0,0,0
12,119,0,15,0,0,1,1,0
11,64,1,42,1,0,1,1,1
9,49,0,5,0,0,1,0,0
9,16,1,8,0,0,0,0,0
11,417,1,46,1,0,1,1,1
9,19,0,12,0,0,0,0,0
9,49,0,9,0,0,0,0,0
11,145,1,37,1,0,1,1,1
12,86,0,12,0,0,0,1,0
15,26,0,1,0,0,0,0,0
12,80,0,1,0,0,1,1,0
14,104,0,17,0,0,0,1,0
14,86,0,1,0,0,1,1,0
17,64,0,10,0,0,0,1,0
11,70,0,3,0,0,0,1,0
12,402,1,47,1,0,0,1,1
18,311,0,30,1,0,1,1,0
14,113,0,2,0,0,1,1,0
9,116,0,3,0,0,0,1,0
15,25,0,14,0,0,1,0,0
9,91,0,17,0,0,0,1,0
15,18,0,12,0,0,0,0,0
20,51,0,6,0,1,1,1,0
13,84,0,5,0,0,0,1,0
11,95,1,5,0,0,1,1,0
20,348,1,40,1,1,1,1,1
12,30,0,11,0,0,0,0,0
14,57,0,11,0,0,0,1,0
11,22,0,17,0,0,0,0,0
14,62,0,18,0,0,0,1,0
14,6,0,15,0,0,0,0,0
20,35,0,10,0,1,0,0,0
0,115,1,93,1,1,1,1,1
0,427,1,92,1,1,1,1,1
17,40,0,8,0,0,0,0,0
20,38,0,18,0,1,0,0,0
1,279,1,62,1,1,0,1,1
17,196,1,30,1,0,1,1,0
14,48,0,6,0,0,0,0,0
16,108,0,18,0,0,1,1,0
15,46,0,2,0,0,0,0,0
13,71,0,18,0,0,0,1,0
14,115,0,1,0,0,0,1,0
15,19,0,15,0,0,0,0,0
12,74,0,1,0,0,0,1,0
17,89,1,17,0,0,0,1,0
15,76,0,5,0,0,0,1,0
16,11,0,14,0,0,0,0,0
11,79,0,15,0,0,0,1,0
13,63,1,5,0,0,0,1,0
13,48,0,12,0,0,0,0,0
5,302,1,84,1,1,1,1,1
11,88,0,2,0,0,0,1,0
12,26,0,17,0,0,0,0,0
12,90,0,10,0,0,0,1,0
16,19,0,6,0,0,0,0,0
6,203,1,38,1,1,0,1,1
11,23,0,17,0,0,0,0,0
18,491,0,52,1,0,1,1,1
20,96,1,15,0,1,0,1,0
11,106,0,15,0,0,0,1,0
17,24,0,7,0,0,1,0,0
9,87,0,15,0,0,0,1,0
16,112,1,16,0,0,0,1,0
17,47,0,19,0,0,0,0,0
17,84,0,7,0,0,0,1,0
17,50,0,18,0,0,0,0,0
0,498,1,84,1,1,0,1,1
6,102,1,75,1,1,1,1,1
9,92,0,5,0,0,0,1,0
16,66,0,15,0,0,0,1,0
15,35,0,18,0,0,0,0,0
16,277,1,51,1,0,1,1,1
13,50,0,18,0,0,1,0,0
13,94,0,15,0,0,0,1,0
14,88,1,17,0,0,0,1,0
11,373,1,42,1,0,1,1,1
10,70,0,18,0,0,0,1,0
7,59,1,86,1,1,0,1,1
10,73,0,17,0,0,1,1,0
16,22,0,17,0,0,1,0,0
16,51,0,1,0,0,0,1,0
12,96,0,18,0,0,1,1,0
17,56,1,1,0,0,0,1,0
18,201,1,30,1,0,1,1,0
15,12,0,16,0,0,1,0,0
14,118,0,12,0,0,0,1,0
16,63,0,7,0,0,0,1,0
17,43,0,2,0,0,0,0,0
17,59,0,19,0,0,0,1,0
9,27,0,7,0,0,0,0,0
17,253,0,58,1,0,1,1,1
16,23,0,5,0,0,0,0,0
16,11,0,3,0,0,0,0,0
6,376,1,86,1,1,1,1,1
15,78,0,3,0,0,0,1,0
15,96,0,6,0,0,1,1,0
20,14,0,4,0,1,0,0,0
17,97,0,7,0,0,0,1,0
14,79,0,6,0,0,0,1,0
12,117,0,3,0,0,1,1,0
11,340,1,50,1,0,1,1,1
12,86,0,2,0,0,0,1,0
14,45,1,16,0,0,0,0,0
17,49,0,18,0,0,0,0,0
14,94,0,14,0,0,1,1,0
14,52,0,9,0,0,1,1,0
12,85,1,2,0,0,1,1,0
12,51,1,19,0,0,0,1,0
