login_hour,files_accessed,usb_usage,emails_sent,is_threat,is_after_hours,is_foreign,high_file_access,high_email_activity,risk_score,risk_level
8,190,1,98,1,1,1,1,1,1.0,HIGH
16,28,0,5,0,0,0,0,0,1.8240033427285264e-13,LOW
20,9,1,9,0,1,1,0,0,3.270276884020227e-11,LOW
12,74,0,7,0,0,0,1,0,6.030255721431844e-11,LOW
13,10,0,1,0,0,0,0,0,8.303291822479036e-16,LOW
9,68,1,17,0,0,0,1,0,0.0011132230432450956,LOW
15,71,0,8,0,0,0,1,0,8.162684436264235e-11,LOW
15,100,0,5,0,0,0,1,0,1.8056236673095534e-12,LOW
20,47,0,10,0,1,0,0,0,1.28627561262494e-10,LOW
11,16,0,19,0,0,0,0,0,0.0015051831680115864,LOW
20,51,0,7,0,1,1,1,0,2.790590764535303e-12,LOW
10,86,0,3,0,0,1,1,0,6.988923285228625e-13,LOW
9,40,0,16,0,0,0,0,0,6.266163716970406e-05,LOW
20,46,0,2,0,1,0,0,0,6.696359245614778e-16,LOW
10,110,0,4,0,0,0,1,0,3.4067360853743686e-12,LOW
11,51,0,4,0,0,0,1,0,5.159456950141758e-13,LOW
0,182,1,47,1,1,1,1,1,1.0,HIGH
17,35,0,16,0,0,1,0,0,4.5822818655551445e-06,LOW
10,112,1,11,0,0,0,1,0,2.6090645775476436e-07,LOW
14,10,0,12,0,0,1,0,0,1.7442082438924663e-08,LOW
17,100,0,10,0,0,1,1,0,2.8835712628193004e-09,LOW
2,389,1,64,1,1,0,1,1,1.0,HIGH
13,84,1,8,0,0,0,1,0,4.307736757536272e-10,LOW
13,341,1,86,1,0,1,1,1,1.0,HIGH
11,116,0,10,0,0,1,1,0,4.2271633788459085e-08,LOW
16,62,0,18,0,0,0,1,0,0.00017281762719964757,LOW
12,29,0,11,0,0,1,0,0,1.3273179987188e-08,LOW
14,96,0,3,0,0,0,1,0,1.1451759006209418e-13,LOW
16,95,0,6,0,0,0,1,0,4.95929606341325e-12,LOW
16,93,0,18,0,0,0,1,0,0.0003816296785209802,LOW
11,5,0,7,0,0,0,0,0,1.4045489135393583e-11,LOW
13,107,0,15,0,0,0,1,0,1.796057660981278e-05,LOW
11,113,0,7,0,0,0,1,0,2.3880384454454216e-10,LOW
7,269,1,22,1,1,0,1,0,0.9987551232555203,HIGH
10,72,0,4,0,0,0,1,0,1.2896847267735105e-12,LOW
12,98,0,6,0,0,1,1,0,4.219654592556599e-11,LOW
13,107,0,11,0,0,0,1,0,4.150793564521876e-08,LOW
12,49,0,13,0,0,1,0,0,4.6036485705412945e-07,LOW
6,442,0,22,1,1,1,1,0,0.9999894947423523,HIGH
15,13,0,4,0,0,0,0,0,3.982941429492165e-14,LOW
14,6,0,2,0,0,0,0,0,2.339615794098733e-15,LOW
11,119,1,12,0,0,1,1,0,1.6828680466658705e-06,LOW
16,109,0,19,0,0,1,1,0,0.004508928528913292,LOW
13,59,0,2,0,0,0,1,0,1.425012540351767e-14,LOW
17,58,0,1,0,0,1,1,0,1.1540560373029563e-15,LOW
14,29,1,18,0,0,1,0,0,0.0004520888067956652,LOW
13,64,0,4,0,0,0,1,0,3.36840556164576e-13,LOW
10,42,0,14,0,0,0,0,0,2.1696177956934187e-06,LOW
14,80,0,6,0,0,1,1,0,1.2472470071550778e-11,LOW
17,16,0,16,0,0,0,0,0,1.6315481905505853e-06,LOW
20,80,0,7,0,1,1,1,0,5.8564990335690085e-12,LOW
9,103,0,17,0,0,0,1,0,0.0015358544119718743,LOW
9,106,0,1,0,0,0,1,0,4.737336358790072e-14,LOW
9,30,0,17,0,0,1,0,0,0.0003823431850307224,LOW
15,99,0,16,0,0,1,1,0,5.402559709128907e-05,LOW
16,79,0,1,0,0,0,1,0,1.6693628801775894e-15,LOW
16,40,0,4,0,0,0,0,0,5.434927395912616e-14,LOW
20,115,0,3,0,1,0,1,0,1.9161788480139086e-14,LOW
15,109,0,11,0,0,0,1,0,2.045670227613094e-08,LOW
15,79,0,13,0,0,0,1,0,1.9764718805396777e-07,LOW
9,404,1,91,1,0,1,1,1,1.0,HIGH
12,8,0,19,0,0,1,0,0,0.0014508013264503145,LOW
19,470,1,60,1,1,1,1,1,1.0,HIGH
13,88,1,8,0,0,0,1,0,4.771500114103935e-10,LOW
10,16,0,11,0,0,0,0,0,1.1765188588229589e-08,LOW
11,73,1,12,0,0,1,1,0,5.19259045395335e-07,LOW
15,100,0,11,0,0,0,1,0,1.6252591348055333e-08,LOW
14,339,1,36,1,0,1,1,1,0.9999999999989904,HIGH
11,87,0,15,0,0,0,1,0,2.300316439260403e-05,LOW
1,251,1,89,1,1,1,1,1,1.0,HIGH
23,129,1,53,1,1,1,1,1,1.0,HIGH
12,117,0,19,0,0,0,1,0,0.014453262304496176,LOW
12,104,0,2,0,0,1,1,0,1.1368120111543758e-13,LOW
11,62,0,19,0,0,0,1,0,0.005226160114986609,LOW
16,44,0,8,0,0,0,0,0,2.6049323673279013e-11,LOW
9,32,0,4,0,0,0,0,0,6.304151170458238e-13,LOW
20,49,0,6,0,1,0,0,0,3.128527697468295e-13,LOW
16,65,0,16,0,0,1,1,0,1.550307861424622e-05,LOW
9,16,1,13,0,0,0,0,0,6.339357362842497e-07,LOW
9,27,0,15,0,0,1,0,0,1.7029787964304668e-05,LOW
17,56,0,16,0,0,1,1,0,8.42866524679405e-06,LOW
16,117,1,80,1,0,1,1,1,1.0,HIGH
15,319,1,74,1,0,0,1,1,1.0,HIGH
11,56,0,15,0,0,0,1,0,1.0414735282145094e-05,LOW
17,40,0,12,0,0,0,0,0,6.9636732343991904e-09,LOW
17,64,0,1,0,0,0,1,0,7.785380850781586e-16,LOW
13,188,1,80,1,0,1,1,1,1.0,HIGH
19,373,1,92,1,1,1,1,1,1.0,HIGH
14,43,0,19,0,0,0,0,0,0.0009623140477499908,LOW
9,65,0,8,0,0,0,1,0,6.818982328748687e-10,LOW
10,27,0,14,0,0,1,0,0,2.5551540627125687e-06,LOW
9,77,0,16,0,0,0,1,0,0.00017348239508169992,LOW
23,274,1,83,1,1,1,1,1,1.0,HIGH
10,117,0,3,0,0,1,1,0,1.5436722178417473e-12,LOW
11,7,0,13,0,0,0,0,0,1.330561906890627e-07,LOW
20,108,0,15,0,1,1,1,0,2.2432177095103096e-06,LOW
14,59,0,6,0,0,0,1,0,4.219552586303336e-12,LOW
17,118,1,18,0,0,1,1,0,0.0015138802872744432,LOW
17,49,0,19,0,0,0,0,0,0.0003596994459436155,LOW
20,47,0,15,0,1,0,0,0,2.5385170158251334e-07,LOW
16,43,0,5,0,0,1,0,0,4.624907200073818e-13,LOW
13,108,1,82,1,0,1,1,1,1.0,HIGH
14,41,0,4,0,0,0,0,0,1.1906760088145434e-13,LOW
10,77,0,9,0,0,0,1,0,2.892257373999811e-09,LOW
15,184,1,94,1,0,1,1,1,1.0,HIGH
14,24,1,13,0,0,0,0,0,1.1671078705496762e-07,LOW
12,118,0,13,0,0,1,1,0,2.8883457247293985e-06,LOW
20,12,0,5,0,1,0,0,0,2.6640187987291168e-14,LOW
10,77,0,14,0,0,0,1,0,5.707955948154249e-06,LOW
10,19,0,9,0,0,1,0,0,1.055262442914606e-09,LOW
16,87,0,19,0,0,1,1,0,0.002574451215450138,LOW
14,115,0,17,0,0,1,1,0,0.000541762894510757,LOW
16,101,0,10,0,0,0,1,0,2.50164471687063e-09,LOW
20,55,0,18,0,1,0,1,0,3.177415168981288e-05,LOW
12,17,0,5,0,0,0,0,0,6.279232285918619e-13,LOW
15,46,0,7,0,0,0,0,0,8.784141397102935e-12,LOW
14,10,0,8,0,0,0,0,0,2.3326292175519435e-11,LOW
13,15,0,10,0,0,0,0,0,8.057505406603339e-10,LOW
9,44,0,13,0,0,1,0,0,1.2642768973972077e-06,LOW
15,35,0,7,0,0,0,0,0,6.63106699926814e-12,LOW
6,411,1,92,1,1,1,1,1,1.0,HIGH
10,443,1,95,1,0,1,1,1,1.0,HIGH
13,34,0,5,0,0,0,0,0,6.635626296616773e-13,LOW
9,67,0,13,0,0,0,1,0,1.4163415466750766e-06,LOW
15,51,0,3,0,0,0,1,0,2.480606865016717e-14,LOW
20,73,0,9,0,1,0,1,0,5.894822185210187e-11,LOW
2,174,1,61,1,1,1,1,1,1.0,HIGH
17,55,0,3,0,0,1,1,0,2.2234175112189516e-14,LOW
2,490,1,41,1,1,1,1,1,1.0,HIGH
11,90,0,3,0,0,0,1,0,3.0655693276226585e-13,LOW
10,98,1,18,0,0,0,1,0,0.007433085229315124,LOW
12,108,0,6,0,0,0,1,0,3.153084794909224e-11,LOW
2,348,1,77,1,1,1,1,1,1.0,HIGH
0,325,1,65,1,1,0,1,1,1.0,HIGH
9,11,0,5,0,0,0,0,0,1.6809139876481827e-12,LOW
3,197,1,94,1,1,1,1,1,1.0,HIGH
10,96,0,13,0,0,0,1,0,2.0340444748805806e-06,LOW
14,92,0,2,0,0,0,1,0,2.266820788613329e-14,LOW
11,59,0,13,0,0,1,1,0,9.341442333410891e-07,LOW
3,242,1,70,1,1,1,1,1,1.0,HIGH
16,104,0,2,0,0,0,1,0,1.442567434289597e-14,LOW
5,79,0,51,1,1,1,1,1,1.0,HIGH
17,104,0,6,0,0,0,1,0,4.271533741570258e-12,LOW
10,73,1,74,1,0,1,1,1,1.0,HIGH
14,6,1,18,0,0,0,0,0,0.0001453677416361967,LOW
15,451,1,62,1,0,1,1,1,1.0,HIGH
6,380,1,81,1,1,1,1,1,1.0,HIGH
10,98,1,52,1,0,1,1,1,1.0,HIGH
14,36,0,1,0,0,0,0,0,1.104431240492986e-15,LOW
10,81,1,7,0,0,0,1,0,2.729877785145004e-10,LOW
12,98,0,1,0,0,0,1,0,1.2373000786201295e-14,LOW
2,301,1,65,1,1,1,1,1,1.0,HIGH
10,69,0,11,0,0,0,1,0,4.9036991005590693e-08,LOW
20,85,1,11,0,1,0,1,0,2.953829762614531e-09,LOW
11,102,0,8,0,0,1,1,0,1.4207915026333742e-09,LOW
17,43,0,9,0,0,0,0,0,7.924922645425827e-11,LOW
10,21,0,8,0,0,0,0,0,1.4091539235151326e-10,LOW
12,85,0,16,0,0,0,1,0,6.821267518025288e-05,LOW
9,45,0,2,0,0,1,0,0,7.30134145542664e-14,LOW
20,103,0,17,0,1,0,1,0,2.3762799498838773e-05,LOW
15,72,1,7,0,0,1,1,0,5.623929604019925e-11,LOW
6,342,1,94,1,1,1,1,1,1.0,HIGH
20,51,0,7,0,1,1,1,0,2.790590764535303e-12,LOW
12,14,0,5,0,0,0,0,0,5.815702900922599e-13,LOW
10,102,0,11,0,0,1,1,0,1.9698228158921576e-07,LOW
10,61,1,68,1,0,0,1,1,1.0,HIGH
10,93,0,19,0,0,0,1,0,0.01667438132957247,LOW
20,75,0,17,0,1,0,1,0,1.1616155075198991e-05,LOW
13,84,0,13,0,0,0,1,0,4.796187537402438e-07,LOW
20,51,0,18,0,1,0,1,0,2.8685968899020552e-05,LOW
11,113,0,9,0,0,0,1,0,4.967521707538022e-09,LOW
6,459,0,42,1,1,1,1,1,1.0,HIGH
9,20,0,15,0,0,1,0,0,1.4239683383791864e-05,LOW
12,54,0,15,0,0,0,1,0,6.771700180202111e-06,LOW
18,352,0,91,1,0,1,1,1,1.0,HIGH
7,133,1,45,1,1,0,1,1,1.0,HIGH
17,84,0,2,0,0,0,1,0,5.9204948256730956e-15,LOW
12,112,0,2,0,0,0,1,0,8.071318961799432e-14,LOW
13,64,0,19,0,0,0,1,0,0.0025824969726429008,LOW
19,140,1,53,1,1,0,1,1,1.0,HIGH
17,32,0,5,0,0,0,0,0,1.3825543313682763e-13,LOW
14,16,0,13,0,0,0,0,0,5.366615924720108e-08,LOW
17,246,0,36,1,0,1,1,1,0.9999999999398199,HIGH
16,86,0,6,0,0,1,1,0,6.808677027407659e-12,LOW
17,57,0,10,0,0,0,1,0,5.559206660685861e-10,LOW
15,53,0,4,0,0,0,1,0,1.1907211374663684e-13,LOW
17,104,0,19,0,0,0,1,0,0.0015759370995795778,LOW
5,284,1,71,1,1,0,1,1,1.0,HIGH
14,118,0,18,0,0,0,1,0,0.0015423116167007876,LOW
16,82,0,8,0,0,0,1,0,7.399454499506482e-11,LOW
16,113,0,5,0,0,1,1,0,2.9768197276266754e-12,LOW
20,76,0,7,0,1,0,1,0,3.059684066408058e-12,LOW
13,52,0,2,0,0,0,1,0,1.1915398370330152e-14,LOW
9,66,0,10,0,0,0,1,0,1.4551892103774972e-08,LOW
10,302,1,48,1,0,1,1,1,1.0,HIGH
11,239,1,82,1,0,0,1,1,1.0,HIGH
17,48,0,16,0,0,0,0,0,3.696964405530154e-06,LOW
0,224,1,99,1,1,1,1,1,1.0,HIGH
10,100,0,5,0,0,0,1,0,1.2032981945842749e-11,LOW
11,92,0,4,0,0,0,1,0,1.4715101567456023e-12,LOW
13,41,0,14,0,0,0,0,0,6.776958416531865e-07,LOW
13,93,1,6,0,0,0,1,0,2.606535868029103e-11,LOW
9,13,1,16,0,0,0,0,0,5.570121566037082e-05,LOW
20,8,1,5,0,1,0,0,0,4.263148370427958e-14,LOW
15,73,0,14,0,0,1,1,0,1.336245977655002e-06,LOW
14,48,0,19,0,0,0,0,0,0.0010933698110007816,LOW
16,77,0,10,0,0,0,1,0,1.3545371998319493e-09,LOW
12,71,0,13,0,0,0,1,0,5.027204571500724e-07,LOW
13,88,0,1,0,0,0,1,0,6.5570935366396225e-15,LOW
11,72,0,16,0,0,1,1,0,0.00012354556778930843,LOW
20,55,0,15,0,1,0,1,0,3.349191085578558e-07,LOW
10,78,0,16,0,0,0,1,0,0.00012179517968772613,LOW
9,56,0,5,0,0,1,1,0,9.867668953137115e-12,LOW
10,35,0,1,0,0,1,0,0,8.483787207214738e-15,LOW
4,336,1,81,1,1,1,1,1,1.0,HIGH
15,100,0,17,0,0,0,1,0,0.0001462697361698675,LOW
16,33,0,3,0,0,0,0,0,9.964015551482259e-15,LOW
10,70,0,12,0,0,0,1,0,2.2944278801359916e-07,LOW
13,33,0,13,0,0,1,0,0,2.0928106516016006e-07,LOW
9,231,0,96,1,0,1,1,1,1.0,HIGH
10,111,1,1,0,0,0,1,0,6.529669341320829e-14,LOW
9,53,1,15,0,0,0,1,0,3.6511520604130385e-05,LOW
12,86,0,2,0,0,0,1,0,4.152474016596599e-14,LOW
11,115,0,16,0,0,0,1,0,0.00021458239085963684,LOW
20,77,0,2,0,1,0,1,0,1.5904934213503211e-15,LOW
11,5,0,15,0,0,0,0,0,2.629841482074242e-06,LOW
15,48,0,3,0,0,0,0,0,2.136511754269115e-14,LOW
10,34,0,1,0,0,1,0,0,8.269672700296905e-15,LOW
11,25,1,17,0,0,1,0,0,0.00027931317410012993,LOW
12,14,0,17,0,0,1,0,0,8.141666872918464e-05,LOW
11,55,0,17,0,0,0,1,0,0.00021113394890016118,LOW
14,56,0,9,0,0,1,1,0,6.407158491080836e-10,LOW
11,73,0,13,0,0,0,1,0,7.731763073994064e-07,LOW
14,20,0,8,0,0,0,0,0,3.0120360636423564e-11,LOW
13,39,0,14,0,0,0,0,0,6.43920044232893e-07,LOW
15,32,0,13,0,0,0,0,0,5.528081525318564e-08,LOW
20,93,0,12,0,1,1,1,0,1.611398724708366e-08,LOW
21,64,0,46,1,1,1,1,1,0.9999999999999927,HIGH
12,451,1,85,1,0,1,1,1,1.0,HIGH
20,55,0,6,0,1,0,1,0,3.9219043347092594e-13,LOW
22,211,1,79,1,1,0,1,1,1.0,HIGH
17,43,0,7,0,0,0,0,0,3.809750813504558e-12,LOW
12,107,0,17,0,0,1,1,0,0.0009425879791023792,LOW
14,102,1,6,0,0,1,1,0,3.879566669209467e-11,LOW
11,39,0,1,0,0,0,0,0,3.721265319863067e-15,LOW
20,109,1,10,0,1,0,1,0,1.1961094659426535e-09,LOW
12,20,0,13,0,0,1,0,0,2.1936146845734022e-07,LOW
14,30,0,17,0,0,0,0,0,3.321263063469184e-05,LOW
17,104,1,17,0,0,0,1,0,0.00013448254365041565,LOW
15,33,0,17,0,0,0,0,0,2.4539300231450537e-05,LOW
9,53,0,7,0,0,1,1,0,1.901116343764078e-10,LOW
17,36,0,17,0,0,0,0,0,1.2407188186271587e-05,LOW
11,67,0,9,0,0,0,1,0,1.5327568862910762e-09,LOW
0,190,1,77,1,1,1,1,1,1.0,HIGH
15,87,0,3,0,0,0,1,0,6.226012439357955e-14,LOW
16,103,0,14,0,0,0,1,0,1.1392655147800437e-06,LOW
13,87,1,56,1,0,1,1,1,1.0,HIGH
20,30,0,2,0,1,0,0,0,4.448520686551703e-16,LOW
16,45,1,1,0,0,0,0,0,1.1538576347495114e-15,LOW
14,45,0,16,0,0,0,0,0,1.0685270309577976e-05,LOW
16,66,0,13,0,0,0,1,0,9.701138058786279e-08,LOW
14,49,0,2,0,0,0,0,0,7.02274188731474e-15,LOW
12,60,0,6,0,0,0,1,0,9.244134588065066e-12,LOW
9,28,0,13,0,0,0,0,0,4.860306989678577e-07,LOW
12,19,0,6,0,0,0,0,0,3.0141070378103085e-12,LOW
16,79,1,6,0,0,1,1,0,1.0091403216133416e-11,LOW
11,11,0,10,0,0,0,0,0,1.5534355273329667e-09,LOW
9,10,0,19,0,0,1,0,0,0.004749211534824811,LOW
15,327,1,81,1,0,0,1,1,1.0,HIGH
16,266,1,55,1,0,1,1,1,1.0,HIGH
20,48,1,4,0,1,0,0,0,2.5985976556284585e-14,LOW
15,96,0,16,0,0,1,1,0,5.003765754901217e-05,LOW
11,113,0,15,0,0,0,1,0,4.4711139835759934e-05,LOW
20,27,0,17,0,1,1,0,0,5.472717991387558e-06,LOW
20,109,1,15,0,1,0,1,0,2.3605655030805713e-06,LOW
6,226,1,29,1,1,1,1,0,0.9999999639105759,HIGH
16,105,0,9,0,0,0,1,0,6.075502221292201e-10,LOW
14,45,0,12,0,0,1,0,0,4.267258194200544e-08,LOW
11,33,1,17,0,0,0,0,0,0.00019832728049705724,LOW
13,92,0,2,0,0,1,1,0,5.724296235637715e-14,LOW
10,98,0,12,0,0,0,1,0,4.69369412867277e-07,LOW
14,80,0,12,0,0,0,1,0,6.496689605599691e-08,LOW
10,67,0,15,0,0,0,1,0,2.0160862616287042e-05,LOW
10,69,1,21,1,0,1,1,0,0.36909317817445153,LOW
14,42,0,5,0,0,0,0,0,5.571142657131701e-13,LOW
14,89,0,16,0,0,0,1,0,3.5382353148591026e-05,LOW
15,19,0,15,0,0,0,0,0,8.248097253828686e-07,LOW
11,73,0,13,0,0,1,1,0,1.3360847329308266e-06,LOW
11,32,0,17,0,0,0,0,0,0.00010907389809755953,LOW
14,68,0,6,0,0,0,1,0,5.311038068376115e-12,LOW
17,102,0,17,0,0,1,1,0,0.0001245730481703275,LOW
12,100,0,5,0,0,0,1,0,5.634752624510389e-12,LOW
15,27,0,3,0,0,0,0,0,1.2490359203327465e-14,LOW
20,99,0,11,0,1,0,1,0,2.3834538987625615e-09,LOW
11,41,0,1,0,0,0,0,0,3.916458480714833e-15,LOW
12,28,0,11,0,0,0,0,0,7.487172375300359e-09,LOW
9,66,0,3,0,0,0,1,0,3.5446622285645484e-13,LOW
20,71,0,7,0,1,1,1,0,4.652914425698641e-12,LOW
14,26,0,1,0,0,1,0,0,1.4780187211213527e-15,LOW
16,13,0,5,0,0,0,0,0,1.2430939288292282e-13,LOW
20,70,0,8,0,1,0,1,0,1.1970633703182421e-11,LOW
3,125,1,67,1,1,1,1,1,1.0,HIGH
11,53,0,13,0,0,0,1,0,4.6371352083516927e-07,LOW
17,107,0,17,0,0,0,1,0,8.192079089096684e-05,LOW
8,183,0,26,1,1,0,1,0,0.9999327776500095,HIGH
20,52,0,6,0,1,1,1,0,6.276945639834195e-13,LOW
20,12,0,2,0,1,0,0,0,2.807951440845958e-16,LOW
16,92,0,6,0,0,1,1,0,7.937274636279782e-12,LOW
9,18,0,16,0,0,1,0,0,6.170580996275719e-05,LOW
9,76,0,18,0,0,0,1,0,0.003505923983052181,LOW
5,155,0,77,1,1,1,1,1,1.0,HIGH
13,27,0,13,0,0,0,0,0,1.0388805141665647e-07,LOW
14,41,0,10,0,0,0,0,0,1.0717388813235726e-09,LOW
9,35,0,19,0,0,1,0,0,0.00896016967454867,LOW
11,12,0,7,0,0,1,0,0,2.9027036305129238e-11,LOW
16,97,0,3,0,0,0,1,0,5.501425486693564e-14,LOW
4,259,1,50,1,1,1,1,1,1.0,HIGH
20,44,0,4,0,1,0,0,0,1.3235315997851048e-14,LOW
14,39,0,8,0,0,0,0,0,4.895393811078743e-11,LOW
13,43,0,17,0,0,0,0,0,6.766378867638972e-05,LOW
16,62,0,2,0,0,0,1,0,4.930323398855769e-15,LOW
14,114,0,10,0,0,0,1,0,7.44805427886682e-09,LOW
9,49,0,14,0,0,0,0,0,3.7917688514053595e-06,LOW
14,117,0,15,0,0,1,1,0,2.7424399363461782e-05,LOW
10,349,1,52,1,0,0,1,1,1.0,HIGH
13,98,0,10,0,0,1,1,0,1.2494664940486626e-08,LOW
20,65,0,1,0,1,0,1,0,2.566051089474657e-16,LOW
16,68,1,12,0,0,0,1,0,3.9680333693958753e-08,LOW
16,65,0,11,0,0,0,1,0,4.545930777874075e-09,LOW
9,96,0,3,0,0,0,1,0,7.631646165588082e-13,LOW
15,15,0,5,0,0,1,0,0,3.303784798100067e-13,LOW
13,119,1,11,0,0,0,1,0,9.998788959659973e-08,LOW
9,15,0,17,0,0,0,0,0,0.00015082611132552774,LOW
16,97,0,10,0,0,1,1,0,3.902793353556021e-09,LOW
14,78,0,7,0,0,0,1,0,3.127829716057759e-11,LOW
13,104,0,12,0,0,0,1,0,1.753379684830087e-07,LOW
10,35,0,19,0,0,0,0,0,0.003567533665992917,LOW
13,33,0,8,0,0,0,0,0,6.136604948620848e-11,LOW
12,59,0,4,0,0,1,1,0,7.485521488611241e-13,LOW
13,11,0,8,0,0,1,0,0,6.042992713246354e-11,LOW
13,122,1,24,1,0,1,1,0,0.9857012582898477,HIGH
16,75,0,1,0,0,0,1,0,1.5071100635663693e-15,LOW
10,15,0,17,0,0,0,0,0,0.00010321623373943483,LOW
9,18,0,12,0,0,0,0,0,8.252778509240076e-08,LOW
14,24,0,12,0,0,0,0,0,1.4436531621030956e-08,LOW
14,66,0,13,0,0,1,1,0,3.579947773554105e-07,LOW
14,29,0,4,0,0,1,0,0,1.5140212264207171e-13,LOW
14,44,0,1,0,0,1,0,0,2.3415635898739624e-15,LOW
9,59,0,17,0,0,0,1,0,0.0004992718524763664,LOW
6,415,1,68,1,1,1,1,1,1.0,HIGH
11,67,0,11,0,0,0,1,0,3.1883920983189064e-08,LOW
11,57,0,11,0,0,1,1,0,4.2669049805782756e-08,LOW
11,59,1,10,0,0,1,1,0,1.745281914414004e-08,LOW
15,98,0,18,0,0,0,1,0,0.0006335619788143295,LOW
17,57,0,9,0,0,1,1,0,2.1062954860395132e-10,LOW
6,151,1,85,1,1,1,1,1,1.0,HIGH
20,43,1,16,0,1,1,0,0,3.2016724605763066e-06,LOW
8,172,1,78,1,1,1,1,1,1.0,HIGH
16,82,0,2,0,0,0,1,0,8.220615203590521e-15,LOW
13,113,0,8,0,0,0,1,0,5.100257865491975e-10,LOW
20,6,1,4,0,1,0,0,0,8.881336512401065e-15,LOW
11,26,0,16,0,0,0,0,0,2.0516411082024772e-05,LOW
12,79,0,1,0,0,0,1,0,7.612855271923338e-15,LOW
13,31,1,12,0,0,0,0,0,4.472199030192161e-08,LOW
15,52,0,3,0,0,0,1,0,2.544833580511856e-14,LOW
17,60,0,3,0,0,1,1,0,2.5265520515830246e-14,LOW
14,86,1,12,0,0,1,1,0,2.3198257924259386e-07,LOW
13,34,0,3,0,0,0,0,0,3.1899469320811747e-14,LOW
20,36,0,4,0,1,0,0,0,1.078754821059072e-14,LOW
13,76,0,5,0,0,1,1,0,3.607834960030056e-12,LOW
10,10,0,11,0,0,0,0,0,1.009230158568133e-08,LOW
20,112,0,4,0,1,0,1,0,8.094330546733098e-14,LOW
16,400,1,82,1,0,1,1,1,1.0,HIGH
17,199,1,32,1,0,1,1,1,0.9999999511552283,HIGH
10,39,0,19,0,0,0,0,0,0.0039500909320758296,LOW
10,27,0,7,0,0,0,0,0,3.601785765245893e-11,LOW
16,37,0,12,0,0,1,0,0,1.6286919762830573e-08,LOW
10,6,0,17,0,0,0,0,0,8.200573204361789e-05,LOW
15,72,0,3,0,0,0,1,0,4.2431491669326187e-14,LOW
20,113,0,11,0,1,0,1,0,3.4089999475833113e-09,LOW
11,10,0,7,0,0,0,0,0,1.5960411938553568e-11,LOW
11,214,0,39,1,0,1,1,1,0.9999999999998523,HIGH
15,8,0,19,0,0,0,0,0,0.00026935073115605786,LOW
9,50,0,11,0,0,1,0,0,7.085213357480955e-08,LOW
13,114,0,7,0,0,1,1,0,1.982440027218187e-10,LOW
17,27,0,1,0,0,0,0,0,2.8117587560483826e-16,LOW
16,37,0,15,0,0,0,0,0,8.941915449533915e-07,LOW
13,90,1,2,0,0,0,1,0,5.579078163021007e-14,LOW
12,85,0,7,0,0,0,1,0,7.988249692345056e-11,LOW
15,99,0,15,0,0,1,1,0,1.184591640969053e-05,LOW
11,116,0,7,0,0,0,1,0,2.578372444712106e-10,LOW
4,78,1,29,1,1,1,1,0,0.9999992571601597,HIGH
16,114,0,11,0,0,1,1,0,2.748839310364677e-08,LOW
9,71,0,3,0,0,0,1,0,4.0279315875489156e-13,LOW
20,477,1,73,1,1,1,1,1,1.0,HIGH
13,22,0,10,0,0,0,0,0,9.63630916037176e-10,LOW
9,37,0,1,0,0,0,0,0,7.550681560610326e-15,LOW
10,53,0,17,0,0,0,1,0,0.00029313573356492086,LOW
15,84,0,11,0,0,0,1,0,1.079691016632477e-08,LOW
16,274,0,89,1,0,0,1,1,1.0,HIGH
13,12,0,7,0,0,0,0,0,7.865902827631343e-12,LOW
9,10,0,11,0,0,1,0,0,2.5485615526706905e-08,LOW
17,22,0,4,0,0,0,0,0,2.3475698333603836e-14,LOW
15,110,0,4,0,0,0,1,0,5.112019058675272e-13,LOW
10,107,0,5,0,0,1,1,0,2.4867898898695283e-11,LOW
10,28,0,19,0,0,0,0,0,0.002984776939230651,LOW
20,26,0,17,0,1,0,0,0,3.0870733703720057e-06,LOW
10,40,0,3,0,0,0,0,0,1.1604855786982325e-13,LOW
9,42,0,13,0,0,0,0,0,6.951585190572154e-07,LOW
14,104,1,8,0,0,1,1,0,8.493458551897399e-10,LOW
12,44,0,15,0,0,0,0,0,4.876809260822516e-06,LOW
15,61,0,14,0,0,0,1,0,5.690018625262676e-07,LOW
14,22,0,18,0,0,1,0,0,0.00021331354014890216,LOW
1,364,1,85,1,1,1,1,1,1.0,HIGH
16,83,0,5,0,0,0,1,0,8.001169257146444e-13,LOW
16,65,0,17,0,0,0,1,0,4.091668438426025e-05,LOW
12,83,0,6,0,0,0,1,0,1.664176976795269e-11,LOW
10,89,0,6,0,0,1,1,0,7.159163853408895e-11,LOW
12,89,0,1,0,0,0,1,0,9.830192665829512e-15,LOW
17,21,0,4,0,0,0,0,0,2.2883216762522384e-14,LOW
23,181,1,96,1,1,1,1,1,1.0,HIGH
10,74,0,5,0,0,0,1,0,6.190641840455569e-12,LOW
11,23,0,11,0,0,0,0,0,9.628526013756855e-09,LOW
16,65,0,11,0,0,1,1,0,7.855584877625085e-09,LOW
17,15,1,12,0,0,1,0,0,1.1257887252220668e-08,LOW
10,7,0,17,0,0,0,0,0,8.41288075668876e-05,LOW
11,113,0,3,0,0,0,1,0,5.518796645845611e-13,LOW
15,82,1,92,1,0,1,1,1,1.0,HIGH
12,20,0,2,0,0,0,0,0,7.146002995975476e-15,LOW
20,18,0,7,0,1,0,0,0,6.460177045387538e-13,LOW
10,5,0,5,0,0,1,0,0,1.705074347675497e-12,LOW
13,110,0,7,0,0,0,1,0,1.0357109477314895e-10,LOW
13,13,0,6,0,0,1,0,0,3.0574298441700486e-12,LOW
10,88,0,10,0,0,0,1,0,1.7474391572845143e-08,LOW
17,59,0,2,0,0,1,1,0,5.399798745036333e-15,LOW
14,58,0,18,0,0,0,1,0,0.00033312791489575547,LOW
11,493,1,36,1,0,1,1,1,0.9999999999999938,HIGH
13,46,0,2,0,0,0,0,0,9.504988048288846e-15,LOW
17,102,0,19,0,0,0,1,0,0.0014975112736376579,LOW
23,351,0,67,1,1,1,1,1,1.0,HIGH
11,30,0,16,0,0,1,0,0,3.926944277981105e-05,LOW
20,5,0,17,0,1,0,0,0,1.8047504138803538e-06,LOW
14,97,0,5,0,0,0,1,0,2.4438362754687744e-12,LOW
20,141,1,39,1,1,0,1,1,0.9999999999718143,HIGH
15,107,0,10,0,0,0,1,0,4.261706232204825e-09,LOW
16,49,0,12,0,0,1,0,0,2.21338163358867e-08,LOW
9,46,0,1,0,0,1,0,0,1.6423090048144803e-14,LOW
12,72,0,2,0,0,0,1,0,2.903265041477548e-14,LOW
12,96,0,15,0,0,0,1,0,1.9813115625073648e-05,LOW
20,105,0,4,0,1,0,1,0,6.768163105543643e-14,LOW
20,13,0,10,0,1,1,0,0,9.32052965688844e-11,LOW
11,23,1,13,0,0,1,0,0,6.134973071816205e-07,LOW
10,10,0,13,0,0,0,0,0,2.0993681035423925e-07,LOW
9,102,0,1,0,0,0,1,0,4.2768935296272307e-14,LOW
15,108,0,2,0,0,0,1,0,2.3350227254484186e-14,LOW
10,89,0,16,0,0,0,1,0,0.00016133508716233133,LOW
16,28,0,19,0,0,0,0,0,0.00030731331292317384,LOW
13,91,0,9,0,0,0,1,0,1.325591042335329e-09,LOW
17,17,0,10,0,0,1,0,0,3.2133822059523026e-10,LOW
17,11,0,3,0,0,0,0,0,3.885557922976807e-15,LOW
14,24,0,17,0,0,1,0,0,4.9231532304757364e-05,LOW
10,65,0,12,0,0,0,1,0,2.0191435455139397e-07,LOW
14,21,0,15,0,0,0,0,0,1.2685444131113574e-06,LOW
11,110,1,13,0,0,0,1,0,3.5288221770399802e-06,LOW
13,99,0,9,0,0,0,1,0,1.6263766317843324e-09,LOW
11,58,0,16,0,0,1,1,0,8.63819636805859e-05,LOW
17,69,1,99,1,0,0,1,1,1.0,HIGH
10,102,0,18,0,0,0,1,0,0.0046578825841534595,LOW
12,106,0,12,0,0,0,1,0,2.696671380038034e-07,LOW
12,117,0,14,0,0,0,1,0,7.430863423724769e-06,LOW
14,18,0,10,0,0,0,0,0,5.953272160958905e-10,LOW
10,162,1,76,1,0,1,1,1,1.0,HIGH
12,42,0,1,0,0,0,0,0,2.7494496261169673e-15,LOW
10,54,0,2,0,0,0,1,0,3.913443552435003e-14,LOW
5,352,1,90,1,1,1,1,1,1.0,HIGH
13,102,0,12,0,0,0,1,0,1.665992657105342e-07,LOW
10,64,0,19,0,0,0,1,0,0.008015220245664732,LOW
15,18,0,18,0,0,1,0,0,0.00013179497275787788,LOW
9,28,0,17,0,0,1,0,0,0.00036329442905924723,LOW
15,25,0,4,0,0,0,0,0,5.4127911155804676e-14,LOW
17,6,0,2,0,0,1,0,0,1.2955454016077535e-15,LOW
17,75,1,19,0,0,0,1,0,0.0013313807254039373,LOW
14,75,0,11,0,0,0,1,0,1.2535327409622745e-08,LOW
20,86,1,16,0,1,1,1,0,1.0334376575151346e-05,LOW
13,41,0,17,0,0,0,0,0,6.429169633356581e-05,LOW
12,12,0,1,0,0,0,0,0,1.2770338178123332e-15,LOW
10,96,0,15,0,0,0,1,0,4.2309843026905206e-05,LOW
9,82,0,9,0,0,0,1,0,4.8027874777740335e-09,LOW
17,53,0,1,0,0,0,1,0,5.877111911389235e-16,LOW
13,85,1,57,1,0,1,1,1,1.0,HIGH
12,21,0,4,0,0,1,0,0,2.6352317204446685e-13,LOW
3,379,1,86,1,1,1,1,1,1.0,HIGH
22,181,1,29,1,1,0,1,0,0.9999147977605847,HIGH
13,425,1,48,1,0,0,1,1,1.0,HIGH
20,106,0,19,0,1,1,1,0,0.0009214378985471759,LOW
9,70,1,9,0,0,0,1,0,6.264334883117176e-09,LOW
10,8,1,5,0,0,0,0,0,1.888386530601575e-12,LOW
14,52,0,7,0,0,0,1,0,1.6091832928344143e-11,LOW
11,62,0,2,0,0,1,1,0,5.67776145615884e-14,LOW
14,94,0,18,0,0,0,1,0,0.0008356889932167669,LOW
17,52,0,18,0,0,0,1,0,9.159244589733879e-05,LOW
9,87,0,15,0,0,0,1,0,4.912184270556215e-05,LOW
13,19,0,12,0,0,0,0,0,1.8565422701339968e-08,LOW
19,185,1,63,1,1,1,1,1,1.0,HIGH
5,291,1,85,1,1,1,1,1,1.0,HIGH
14,57,0,3,0,0,0,1,0,4.2258669600864e-14,LOW
0,258,1,91,1,1,1,1,1,1.0,HIGH
10,53,1,11,0,0,0,1,0,5.774303733747364e-08,LOW
9,117,0,10,0,0,1,1,0,9.260807735839017e-08,LOW
10,41,0,4,0,0,0,0,0,5.429882405129548e-13,LOW
11,7,0,11,0,0,0,0,0,6.396415682101901e-09,LOW
12,108,0,11,0,0,0,1,0,6.222741734873445e-08,LOW
10,59,0,11,0,0,0,1,0,3.797601250716261e-08,LOW
15,87,0,19,0,0,0,1,0,0.0021779643439675672,LOW
17,38,0,1,0,0,0,0,0,3.7247228071214615e-16,LOW
10,110,0,16,0,0,0,1,0,0.00027593666091041684,LOW
9,80,0,19,0,0,0,1,0,0.01746350756942731,LOW
15,38,0,4,0,0,0,0,0,7.546404159920832e-14,LOW
20,91,0,2,0,1,0,1,0,2.274846599042813e-15,LOW
10,369,0,69,1,0,1,1,1,1.0,HIGH
16,87,0,17,0,0,0,1,0,7.179907104305299e-05,LOW
9,22,1,18,0,0,0,0,0,0.0014563554619107708,LOW
10,112,0,13,0,0,0,1,0,3.0618444839783478e-06,LOW
15,94,0,9,0,0,1,1,0,1.1581670248724025e-09,LOW
9,22,0,1,0,0,0,0,0,5.145937064170152e-15,LOW
17,35,1,4,0,0,0,0,0,5.801446056889662e-14,LOW
9,97,0,1,0,0,0,1,0,3.763753832593364e-14,LOW
11,30,0,8,0,0,0,0,0,1.2137304275663126e-10,LOW
16,73,0,13,0,0,0,1,0,1.1601998268977404e-07,LOW
10,56,0,15,0,0,0,1,0,1.5219323706852852e-05,LOW
20,63,0,15,0,1,0,1,0,4.109144925313522e-07,LOW
9,80,0,14,0,0,0,1,0,9.006016174050324e-06,LOW
20,25,0,6,0,1,0,0,0,1.6939684174521612e-13,LOW
9,41,0,12,0,0,0,0,0,1.4857078239061384e-07,LOW
11,30,0,8,0,0,0,0,0,1.2137304275663126e-10,LOW
13,17,0,5,0,0,0,0,0,4.296920749294991e-13,LOW
10,56,0,8,0,0,0,1,0,3.707296738670441e-10,LOW
15,85,0,2,0,0,1,1,0,2.2413700820635464e-14,LOW
10,206,1,71,1,0,1,1,1,1.0,HIGH
10,111,0,14,0,0,0,1,0,1.3612137628695683e-05,LOW
17,24,0,18,0,0,1,0,0,7.195071276825254e-05,LOW
9,119,0,16,0,0,0,1,0,0.0005074240502522459,LOW
11,79,0,19,0,0,0,1,0,0.0080477356839328,LOW
12,55,0,8,0,0,0,1,0,1.6922226083900702e-10,LOW
13,59,0,13,0,0,0,1,0,2.531396141517026e-07,LOW
9,97,1,18,0,0,0,1,0,0.010554771505361951,LOW
14,94,0,14,0,0,1,1,0,3.3401433365095543e-06,LOW
14,110,0,9,0,0,0,1,0,1.4743066428272516e-09,LOW
15,110,0,6,0,0,0,1,0,1.0633859689978881e-11,LOW
15,76,0,6,0,0,1,1,0,7.705440702724271e-12,LOW
13,98,1,72,1,0,1,1,1,1.0,HIGH
12,342,0,25,1,0,1,1,0,0.9999860675039289,HIGH
11,47,0,11,0,0,0,0,0,1.778256888609441e-08,LOW
11,16,0,17,0,0,0,0,0,7.246254877567062e-05,LOW
15,101,0,16,0,0,0,1,0,3.290454814248935e-05,LOW
20,53,0,4,0,1,0,1,0,1.7914126773527476e-14,LOW
14,64,0,12,0,0,0,1,0,4.3158763851881354e-08,LOW
15,83,1,1,0,0,0,1,0,4.789659996292246e-15,LOW
10,110,0,8,0,0,0,1,0,1.474128738093236e-09,LOW
14,84,0,18,0,0,1,1,0,0.0011180550419606456,LOW
17,49,0,4,0,0,0,0,0,4.681203835737794e-14,LOW
2,326,1,71,1,1,1,1,1,1.0,HIGH
22,110,1,35,1,1,1,1,1,0.9999999667100241,HIGH
12,16,1,16,0,0,0,0,0,1.9272462798890744e-05,LOW
14,76,0,13,0,0,0,1,0,2.67507201479642e-07,LOW
14,35,0,9,0,0,0,0,0,2.0157240734591652e-10,LOW
10,92,1,14,0,0,0,1,0,1.484558356156561e-05,LOW
16,11,0,3,0,0,0,0,0,5.6780941940274165e-15,LOW
14,42,0,18,0,0,1,0,0,0.00035561945799844424,LOW
17,19,0,15,0,0,0,0,0,3.8623849217222253e-07,LOW
4,434,1,73,1,1,1,1,1,1.0,HIGH
10,119,0,2,0,0,0,1,0,2.061356182068718e-13,LOW
15,287,1,48,1,0,1,1,1,1.0,HIGH
20,13,0,15,0,1,0,0,0,1.064464032089687e-07,LOW
12,114,0,7,0,0,0,1,0,1.6764613856577046e-10,LOW
9,20,0,10,0,0,0,0,0,4.175463132981673e-09,LOW
12,50,0,6,0,0,0,0,0,6.6573821259275955e-12,LOW
14,113,0,12,0,0,1,1,0,2.609729213681067e-07,LOW
10,46,0,13,0,0,0,0,0,5.269149242733616e-07,LOW
9,78,1,7,0,0,0,1,0,3.6947756495875187e-10,LOW
21,137,0,85,1,1,1,1,1,1.0,HIGH
10,100,0,8,0,0,1,1,0,1.9727709532970165e-09,LOW
1,65,1,56,1,1,1,1,1,1.0,HIGH
1,391,0,55,1,1,0,1,1,1.0,HIGH
14,31,0,6,0,0,0,0,0,1.9181281017246964e-12,LOW
14,90,0,10,0,0,0,1,0,4.032813509424006e-09,LOW
15,14,0,4,0,0,0,0,0,4.086065890539765e-14,LOW
20,12,0,9,0,1,1,0,0,1.9920026708531008e-11,LOW
13,102,1,7,0,0,0,1,0,1.4963250511819022e-10,LOW
9,55,0,2,0,0,1,1,0,1.0138306891637403e-13,LOW
17,20,0,10,0,0,0,0,0,2.0077563718476329e-10,LOW
5,372,0,94,1,1,1,1,1,1.0,HIGH
13,98,0,16,0,0,0,1,0,6.507827479548593e-05,LOW
14,7,0,2,0,0,1,0,0,4.147646155184725e-15,LOW
17,67,0,19,0,0,0,1,0,0.0006126383858138151,LOW
17,69,0,2,0,0,0,1,0,4.034932941761637e-15,LOW
20,52,1,1,0,1,0,1,0,3.262461915930384e-16,LOW
16,88,0,3,0,0,1,1,0,7.55297301277347e-14,LOW
14,28,0,6,0,0,1,0,0,3.069933582570632e-12,LOW
15,85,0,15,0,0,1,1,0,8.282281218489735e-06,LOW
15,26,0,14,0,0,0,0,0,2.1627928547922835e-07,LOW
9,117,0,13,0,0,0,1,0,5.084387981669314e-06,LOW
10,16,0,2,0,0,0,0,0,1.3777036912167024e-14,LOW
10,24,0,11,0,0,0,0,0,1.4434789563299946e-08,LOW
17,27,0,18,0,0,0,0,0,4.495680642697467e-05,LOW
10,62,0,18,0,0,1,1,0,0.002900364600919895,LOW
14,30,0,1,0,0,0,0,0,9.47392645470056e-16,LOW
11,90,0,6,0,0,0,1,0,2.9084314630807606e-11,LOW
15,41,0,9,0,0,0,0,0,1.6080166862545066e-10,LOW
16,117,0,9,0,0,0,1,0,8.256567419099824e-10,LOW
11,37,0,2,0,0,1,0,0,2.7867158230428838e-14,LOW
13,101,0,15,0,0,1,1,0,2.6623401867202773e-05,LOW
11,109,0,18,0,0,0,1,0,0.0038151971193675117,LOW
9,48,0,15,0,0,0,0,0,1.685714278297656e-05,LOW
9,83,0,18,0,0,0,1,0,0.004190003398195388,LOW
15,60,0,2,0,0,1,1,0,1.1829800749458685e-14,LOW
20,9,0,1,0,1,0,0,0,5.70211570375171e-17,LOW
6,202,1,84,1,1,0,1,1,1.0,HIGH
9,92,0,15,0,0,0,1,0,5.581860387021829e-05,LOW
16,59,1,96,1,0,1,1,1,1.0,HIGH
15,6,0,5,0,0,0,0,0,1.518948436750548e-13,LOW
12,47,1,10,0,0,0,0,0,4.729279859133875e-09,LOW
17,58,0,14,0,0,0,1,0,2.4678063673318915e-07,LOW
10,77,0,1,0,0,1,1,0,2.6693086963543258e-14,LOW
10,115,0,12,0,0,0,1,0,7.248351563611381e-07,LOW
14,21,0,18,0,0,0,0,0,0.00012033768563504735,LOW
14,79,0,16,0,0,1,1,0,4.735030352107024e-05,LOW
9,63,0,5,0,0,0,1,0,6.829186638730764e-12,LOW
13,91,0,15,0,0,0,1,0,1.1931629616930933e-05,LOW
13,43,0,13,0,0,0,0,0,1.5638270025288764e-07,LOW
14,47,0,8,0,0,1,0,0,1.0378985567604064e-10,LOW
14,82,0,12,0,0,1,1,0,1.1815461639916183e-07,LOW
16,207,0,90,1,0,1,1,1,1.0,HIGH
9,85,1,18,0,0,0,1,0,0.007788324943067239,LOW
16,102,0,7,0,0,0,1,0,2.7050754687835058e-11,LOW
13,106,0,17,0,0,0,1,0,0.00036405496248784875,LOW
12,95,0,13,0,0,0,1,0,9.28455447273372e-07,LOW
19,256,1,85,1,1,1,1,1,1.0,HIGH
19,187,1,53,1,1,1,1,1,1.0,HIGH
9,79,0,4,0,0,0,1,0,2.25394275317348e-12,LOW
17,5,0,2,0,0,0,0,0,7.307948581352663e-16,LOW
15,74,0,18,0,0,0,1,0,0.00034314730982435945,LOW
20,31,0,10,0,1,0,0,0,8.54497714614585e-11,LOW
22,158,0,32,1,1,1,1,1,0.9999983586922194,HIGH
17,49,0,1,0,0,0,0,0,4.934121734322771e-16,LOW
17,92,1,18,0,0,1,1,0,0.000779423120426089,LOW
15,79,0,12,0,0,1,1,0,7.488540297178356e-08,LOW
10,92,0,9,0,0,0,1,0,4.243836277155273e-09,LOW
17,95,0,3,0,0,0,1,0,3.5770345795458045e-14,LOW
11,88,0,2,0,0,0,1,0,6.386442702669615e-14,LOW
14,74,0,14,0,0,1,1,0,2.003257475939848e-06,LOW
15,67,0,10,0,0,0,1,0,1.5329418665435602e-09,LOW
13,104,0,15,0,0,1,1,0,2.8745307777148836e-05,LOW
14,21,1,11,0,0,1,0,0,8.979743982382419e-09,LOW
20,55,0,16,0,1,1,1,0,2.639634919008112e-06,LOW
7,83,1,36,1,1,0,1,1,0.9999999999150191,HIGH
16,85,0,1,0,0,1,1,0,3.3629091484444907e-15,LOW
17,5,0,11,0,0,1,0,0,1.0784357276037546e-09,LOW
15,84,0,15,0,0,1,1,0,8.07325402353776e-06,LOW
9,431,1,77,1,0,1,1,1,1.0,HIGH
6,445,0,74,1,1,1,1,1,1.0,HIGH
11,10,0,13,0,0,0,0,0,1.4366117626525174e-07,LOW
21,69,1,44,1,1,0,1,1,0.9999999999998685,HIGH
16,91,0,4,0,0,0,1,0,2.1523643591231452e-13,LOW
14,61,0,1,0,0,1,1,0,3.8884708720093404e-15,LOW
9,67,0,1,0,0,1,1,0,3.020880531452379e-14,LOW
16,84,0,16,0,0,0,1,0,1.4581093948196456e-05,LOW
10,37,0,12,0,0,0,0,0,9.178642340308801e-08,LOW
10,83,0,15,0,0,0,1,0,3.0347842120573418e-05,LOW
12,8,1,5,0,0,0,0,0,8.84285458686002e-13,LOW
14,95,0,13,0,0,0,1,0,4.3477330677760647e-07,LOW
15,39,0,19,0,0,0,0,0,0.0005947324028743017,LOW
8,101,1,84,1,1,1,1,1,1.0,HIGH
12,116,0,6,0,0,0,1,0,3.868541100689931e-11,LOW
16,85,0,14,0,0,1,1,0,1.2426665090004065e-06,LOW
12,77,0,19,0,0,0,1,0,0.005247420991418975,LOW
17,21,0,13,0,0,0,0,0,1.9541601023442582e-08,LOW
15,84,0,9,0,0,0,1,0,5.190402424040709e-10,LOW
9,114,0,3,0,0,0,1,0,1.209049962410261e-12,LOW
20,102,1,5,0,1,1,1,0,8.757302741400109e-13,LOW
15,74,0,1,0,0,1,1,0,3.709782412827702e-15,LOW
10,463,1,94,1,0,1,1,1,1.0,HIGH
16,58,0,15,0,0,0,1,0,1.6447841387238061e-06,LOW
10,75,0,12,0,0,1,1,0,4.505440430089551e-07,LOW
14,66,0,18,0,0,0,1,0,0.0004086860039588244,LOW
10,105,0,2,0,0,0,1,0,1.4412283659125962e-13,LOW
20,91,0,15,0,1,1,1,0,1.452603855461347e-06,LOW
4,459,1,44,1,1,1,1,1,1.0,HIGH
17,21,0,15,0,0,1,0,0,7.024477333601607e-07,LOW
20,167,1,98,1,1,1,1,1,1.0,HIGH
17,44,0,11,0,0,0,0,0,1.6911998758880932e-09,LOW
1,335,1,79,1,1,1,1,1,1.0,HIGH
10,66,0,2,0,0,0,1,0,5.3183439593403134e-14,LOW
13,101,0,12,0,0,1,1,0,2.806256060731896e-07,LOW
16,50,0,15,0,0,1,0,0,2.154291726673816e-06,LOW
14,26,0,7,0,0,0,0,0,7.698739248071232e-12,LOW
16,84,0,2,0,0,0,1,0,8.65181473595662e-15,LOW
10,73,0,10,0,0,1,1,0,2.057956004274799e-08,LOW
14,99,0,4,0,0,0,1,0,5.639307385596332e-13,LOW
9,105,0,19,0,0,0,1,0,0.03257875970769568,LOW
10,74,0,2,0,0,1,1,0,1.1275704740168267e-13,LOW
11,29,0,19,0,0,0,0,0,0.002097251676552622,LOW
15,35,0,6,0,0,0,0,0,1.4538988241067595e-12,LOW
15,44,0,15,0,0,0,0,0,1.5627503089755035e-06,LOW
10,16,0,17,0,0,1,0,0,0.00018296605422446008,LOW
14,81,0,7,0,0,0,1,0,3.377127352011356e-11,LOW
16,5,0,1,0,0,0,0,0,2.3415069846474966e-16,LOW
20,15,0,4,0,1,1,0,0,1.0898032529197312e-14,LOW
9,96,0,12,0,0,0,1,0,6.517199561064682e-07,LOW
16,73,0,11,0,0,0,1,0,5.577433269627372e-09,LOW
4,154,0,93,1,1,1,1,1,1.0,HIGH
4,328,0,78,1,1,1,1,1,1.0,HIGH
15,8,0,11,0,0,1,0,0,2.4865489554033563e-09,LOW
9,84,0,4,0,0,0,1,0,2.5612390198624312e-12,LOW
10,62,0,15,0,0,0,1,0,1.7742014609890565e-05,LOW
12,18,0,3,0,0,0,0,0,3.096774151877362e-14,LOW
15,67,0,17,0,0,0,1,0,6.292786115881867e-05,LOW
16,97,0,19,0,0,0,1,0,0.0019249795154078731,LOW
16,45,0,14,0,0,0,0,0,2.405432515874376e-07,LOW
17,21,0,15,0,0,0,0,0,4.0649802085483683e-07,LOW
11,86,0,10,0,0,0,1,0,1.1361874017170244e-08,LOW
1,258,1,27,1,1,1,1,0,0.9999999502851515,HIGH
4,303,1,66,1,1,1,1,1,1.0,HIGH
17,90,0,13,0,0,0,1,0,1.2260499499695e-07,LOW
20,65,0,16,0,1,0,1,0,1.9724359180810437e-06,LOW
17,116,0,16,0,0,0,1,0,2.2609120919151313e-05,LOW
12,98,0,9,0,0,0,1,0,2.3166951259939553e-09,LOW
9,85,0,6,0,0,0,1,0,5.4657531853233026e-11,LOW
15,355,0,72,1,0,1,1,1,1.0,HIGH
16,30,0,5,0,0,1,0,0,3.3172960356272714e-13,LOW
15,33,0,2,0,0,1,0,0,5.5168360768620816e-15,LOW
9,78,0,7,0,0,0,1,0,2.0844386999418937e-10,LOW
11,105,0,14,0,0,0,1,0,7.99044366397694e-06,LOW
16,51,0,18,0,0,0,1,0,0.00013046395282524236,LOW
9,80,0,10,0,0,0,1,0,2.081324047636392e-08,LOW
9,15,0,17,0,0,0,0,0,0.00015082611132552774,LOW
21,225,1,80,1,1,1,1,1,1.0,HIGH
17,115,0,14,0,0,1,1,0,1.8308320317527801e-06,LOW
13,119,0,19,0,0,1,1,0,0.017924333051800075,LOW
10,18,1,12,0,0,0,0,0,1.0010365197812513e-07,LOW
9,117,0,6,0,0,0,1,0,1.2385007581495937e-10,LOW
15,185,1,83,1,0,0,1,1,1.0,HIGH
9,218,1,66,1,0,1,1,1,1.0,HIGH
10,110,0,19,0,0,1,1,0,0.04329242108002339,LOW
15,82,0,19,0,0,0,1,0,0.0019171541684375585,LOW
15,75,0,12,0,0,0,1,0,3.9123319436979855e-08,LOW
9,86,0,2,0,0,0,1,0,1.295849422387149e-13,LOW
13,370,1,70,1,0,1,1,1,1.0,HIGH
20,55,0,18,0,1,0,1,0,3.177415168981288e-05,LOW
14,36,0,17,0,0,0,0,0,3.8717700721814004e-05,LOW
17,27,1,5,0,0,0,0,0,2.1566214679520834e-13,LOW
10,70,0,18,0,0,0,1,0,0.002060980576565813,LOW
13,65,0,3,0,0,1,1,0,1.3092792928002587e-13,LOW
10,79,0,13,0,0,0,1,0,1.3171528630680293e-06,LOW
12,108,0,10,0,0,1,1,0,2.3576985222922914e-08,LOW
11,77,0,5,0,0,0,1,0,4.5739436537458295e-12,LOW
20,46,0,7,0,1,0,0,0,1.3215539527607967e-12,LOW
9,106,0,8,0,0,0,1,0,1.94481741774859e-09,LOW
10,61,0,13,0,0,0,1,0,8.314006693066867e-07,LOW
17,82,0,7,0,0,0,1,0,1.1102001151253086e-11,LOW
15,23,0,14,0,0,0,0,0,2.0031367383453258e-07,LOW
16,46,0,3,0,0,0,0,0,1.3891629438790794e-14,LOW
10,111,0,16,0,0,0,1,0,0.00028307906174572647,LOW
20,106,0,19,0,1,1,1,0,0.0009214378985471759,LOW
13,5,0,15,0,0,0,0,0,1.2314924913260312e-06,LOW
14,78,0,15,0,0,0,1,0,5.85644950904502e-06,LOW
15,338,1,20,1,0,1,1,0,0.9491078106595382,HIGH
13,22,0,14,0,0,0,0,0,4.169725513772103e-07,LOW
14,101,0,14,0,0,1,1,0,3.994615100591703e-06,LOW
14,242,1,73,1,0,1,1,1,1.0,HIGH
17,81,0,10,0,0,0,1,0,1.0267093427797973e-09,LOW
14,61,0,15,0,0,0,1,0,3.7923701893336603e-06,LOW
20,11,0,14,0,1,0,0,0,2.2175780079803976e-08,LOW
14,52,0,3,0,0,0,1,0,3.7188494071399356e-14,LOW
17,65,0,19,0,0,0,1,0,0.0005821227524443922,LOW
12,103,0,18,0,0,0,1,0,0.0022430757523697366,LOW
12,97,0,19,0,0,0,1,0,0.00871879803678393,LOW
11,56,0,14,0,0,0,1,0,2.283507994381587e-06,LOW
12,67,0,7,0,0,1,1,0,8.713272942778107e-11,LOW
12,70,0,6,0,0,1,1,0,2.062701691589724e-11,LOW
15,32,0,5,0,0,0,0,0,2.952436853436929e-13,LOW
10,102,0,19,0,0,0,1,0,0.020897462851040903,LOW
14,14,0,3,0,0,0,0,0,1.3091980212945262e-14,LOW
14,49,0,1,0,0,0,0,0,1.539775751481058e-15,LOW
9,465,1,20,1,0,1,1,0,0.9997857781752213,HIGH
15,37,0,3,0,0,0,0,0,1.6128329391332953e-14,LOW
17,76,0,16,0,0,0,1,0,8.132651051787208e-06,LOW
12,24,0,12,0,0,0,0,0,3.0829130058753216e-08,LOW
10,52,0,6,0,0,1,1,0,2.7804098214135167e-11,LOW
15,116,0,2,0,0,0,1,0,2.86485520436722e-14,LOW
11,33,0,12,0,0,1,0,0,9.798941507888798e-08,LOW
20,107,0,6,0,1,1,1,0,2.5605182604150007e-12,LOW
12,88,0,7,0,0,0,1,0,8.624937729862083e-11,LOW
20,100,0,12,0,1,0,1,0,1.115211986465892e-08,LOW
16,38,0,14,0,0,1,0,0,3.475671477609887e-07,LOW
9,64,0,4,0,0,1,1,0,2.6544644013784667e-12,LOW
16,79,0,2,0,0,0,1,0,7.613774026818574e-15,LOW
14,78,0,11,0,0,0,1,0,1.3534431494762025e-08,LOW
10,14,0,8,0,0,0,0,0,1.1782794809678957e-10,LOW
9,40,0,17,0,0,0,0,0,0.0002857288376780853,LOW
16,50,0,8,0,0,1,0,0,5.247601341179193e-11,LOW
15,33,0,15,0,0,1,0,0,2.0385867322717447e-06,LOW
10,36,0,12,0,0,1,0,0,1.5460825656004085e-07,LOW
15,61,0,5,0,0,0,1,0,6.663016043128638e-13,LOW
11,207,1,29,1,0,0,1,0,0.9999993227633045,HIGH
17,101,0,9,0,0,0,1,0,3.7534202806279637e-10,LOW
11,41,0,12,0,0,0,0,0,6.95720874425042e-08,LOW
14,93,0,8,0,0,0,1,0,2.0932158590003065e-10,LOW
10,59,0,13,0,0,0,1,0,7.899643570932404e-07,LOW
14,108,0,8,0,0,0,1,0,3.0713951978605203e-10,LOW
16,102,0,16,0,0,0,1,0,2.3100023930290477e-05,LOW
9,55,0,19,0,0,1,1,0,0.015952126400594197,LOW
16,179,1,47,1,0,1,1,1,1.0,HIGH
9,35,0,18,0,0,0,0,0,0.0011458354908839843,LOW
15,56,0,6,0,0,1,1,0,4.621346900979013e-12,LOW
14,25,0,8,0,0,0,0,0,3.4226886572618144e-11,LOW
11,86,0,19,0,0,0,1,0,0.009609472065006152,LOW
16,64,0,4,0,0,1,1,0,1.865230328478727e-13,LOW
9,447,1,61,1,0,1,1,1,1.0,HIGH
10,91,0,18,0,0,0,1,0,0.0035202114213596833,LOW
11,42,0,15,0,0,0,0,0,6.7714435326792425e-06,LOW
10,91,0,17,0,0,0,1,0,0.0007739533221899285,LOW
17,22,1,14,0,0,0,0,0,1.620726382240455e-07,LOW
16,81,0,11,0,0,0,1,0,6.8429906634902685e-09,LOW
20,66,0,10,0,1,0,1,0,2.2480699503545198e-10,LOW
16,75,0,6,0,0,0,1,0,2.974343503229376e-12,LOW
13,62,0,4,0,0,0,1,0,3.2005269203054614e-13,LOW
12,102,0,10,0,0,1,1,0,2.022458407411979e-08,LOW
17,77,0,1,0,0,0,1,0,1.0854220897199146e-15,LOW
17,56,0,7,0,0,0,1,0,5.711677550006366e-12,LOW
10,14,0,5,0,0,0,0,0,1.2419400224454246e-12,LOW
13,75,0,14,0,0,0,1,0,1.7379281981353867e-06,LOW
15,85,0,2,0,0,1,1,0,2.2413700820635464e-14,LOW
12,366,1,43,1,0,0,1,1,1.0,HIGH
16,39,0,7,0,0,0,0,0,5.026202631696691e-12,LOW
12,118,0,15,0,0,0,1,0,3.476786982860732e-05,LOW
14,273,1,62,1,0,1,1,1,1.0,HIGH
19,74,1,44,1,1,0,1,1,0.9999999999999458,HIGH
14,64,0,11,0,0,1,1,0,1.635217350932494e-08,LOW
17,86,0,9,0,0,0,1,0,2.558029283417303e-10,LOW
17,93,0,13,0,0,0,1,0,1.3237698840401995e-07,LOW
12,32,0,12,0,0,0,0,0,3.782446830796337e-08,LOW
15,84,0,16,0,0,0,1,0,2.13076910983978e-05,LOW
17,41,1,5,0,0,0,0,0,3.0845666797086834e-13,LOW
13,55,0,7,0,0,0,1,0,2.5389786975913847e-11,LOW
14,8,1,8,0,0,1,0,0,6.788869703024644e-11,LOW
22,117,1,89,1,1,1,1,1,1.0,HIGH
9,47,0,19,0,0,0,0,0,0.007060081818325611,LOW
9,29,0,2,0,0,0,0,0,2.8068798350621377e-14,LOW
22,273,1,44,1,1,1,1,1,0.9999999999999993,HIGH
9,11,0,9,0,0,0,0,0,7.273482756528078e-10,LOW
13,68,0,5,0,0,0,1,0,1.7016858553997292e-12,LOW
20,76,0,16,0,1,0,1,0,2.612874354419862e-06,LOW
15,46,1,12,0,0,0,0,0,3.0728715253997787e-08,LOW
17,77,0,2,0,0,0,1,0,4.950486567645189e-15,LOW
16,102,0,19,0,0,0,1,0,0.0021868519207602875,LOW
16,55,1,14,0,0,0,1,0,5.920450357837747e-07,LOW
16,76,0,14,0,0,0,1,0,5.713288648570814e-07,LOW
11,71,0,16,0,0,0,1,0,6.969368134149569e-05,LOW
14,42,0,15,0,0,0,0,0,2.1698796347241033e-06,LOW
11,29,0,9,0,0,0,0,0,5.395976187683348e-10,LOW
12,37,0,5,0,0,1,0,0,1.809219126383393e-12,LOW
20,104,0,2,0,1,1,1,0,5.4805812141631765e-15,LOW
15,93,0,16,0,0,1,1,0,4.634407708037297e-05,LOW
15,51,0,15,0,0,0,1,0,2.0097768370419734e-06,LOW
8,338,1,96,1,1,0,1,1,1.0,HIGH
13,245,1,36,1,0,0,1,1,0.9999999999868019,HIGH
16,95,0,5,0,0,0,1,0,1.0873536213372877e-12,LOW
12,69,0,18,0,0,1,1,0,0.0016263681084804735,LOW
14,388,1,21,1,0,1,1,0,0.9977638926314112,HIGH
18,435,1,80,1,0,1,1,1,1.0,HIGH
17,17,0,4,0,0,0,0,0,2.0659094963163048e-14,LOW
20,16,1,19,0,1,0,0,0,8.814404162585383e-05,LOW
15,95,0,16,0,0,0,1,0,2.8225996894598065e-05,LOW
12,49,1,6,0,0,1,0,0,1.9877268018692042e-11,LOW
11,10,1,5,0,0,1,0,0,2.3501754677022485e-12,LOW
13,79,0,17,0,0,1,1,0,0.00031550389450543345,LOW
17,72,0,1,0,0,0,1,0,9.551936520900156e-16,LOW
21,111,0,52,1,1,1,1,1,1.0,HIGH
11,41,0,16,0,0,1,0,0,5.201937180887672e-05,LOW
11,112,0,17,0,0,0,1,0,0.0009058131217930151,LOW
16,24,0,18,0,0,0,0,0,6.084619434579775e-05,LOW
13,34,0,7,0,0,0,0,0,1.380321907708802e-11,LOW
15,93,0,4,0,0,0,1,0,3.310304074117537e-13,LOW
13,24,0,14,0,0,0,0,0,4.3884418577524523e-07,LOW
5,280,1,95,1,1,1,1,1,1.0,HIGH
10,80,0,8,0,0,0,1,0,6.84686940236424e-10,LOW
17,19,0,16,0,0,0,0,0,1.7615873638036024e-06,LOW
12,29,0,5,0,0,0,0,0,8.533435234123626e-13,LOW
9,14,1,8,0,0,1,0,0,5.274146311507016e-10,LOW
17,362,1,45,1,0,1,1,1,1.0,HIGH
15,29,0,13,0,0,0,0,0,5.120001686611157e-08,LOW
20,85,0,19,0,1,0,1,0,0.0003119211885176805,LOW
10,80,0,1,0,0,1,1,0,2.8820607986307617e-14,LOW
10,98,1,7,0,0,1,1,0,7.284898220695468e-10,LOW
10,58,0,4,0,0,0,1,0,9.017025914684303e-13,LOW
14,22,0,18,0,0,0,0,0,0.00012345302819585617,LOW
20,118,0,17,0,1,0,1,0,3.486699066591947e-05,LOW
13,11,0,16,0,0,1,0,0,1.1314646816811958e-05,LOW
14,64,0,7,0,0,0,1,0,2.186869474466517e-11,LOW
17,103,0,14,0,0,1,1,0,1.3471977988275697e-06,LOW
13,107,0,5,0,0,1,1,0,7.96877339619389e-12,LOW
13,41,0,2,0,0,0,0,0,8.364584001841881e-15,LOW
16,49,0,1,0,0,0,0,0,7.210395142126387e-16,LOW
10,41,0,3,0,0,1,0,0,2.057296570135687e-13,LOW
15,96,0,9,0,0,1,1,0,1.2189168673780944e-09,LOW
9,14,1,8,0,0,0,0,0,3.0520838796811343e-10,LOW
17,42,0,1,0,0,0,0,0,4.125719908236561e-16,LOW
10,15,0,8,0,0,0,0,0,1.2087869434989402e-10,LOW
13,10,0,2,0,0,1,0,0,6.544180069574175e-15,LOW
13,109,0,2,0,0,0,1,0,5.1155339100191254e-14,LOW
20,94,0,11,0,1,0,1,0,2.097488208836545e-09,LOW
14,97,0,11,0,0,0,1,0,2.1997203956562536e-08,LOW
20,65,0,6,0,1,0,1,0,5.06420703534525e-13,LOW
16,109,0,12,0,0,0,1,0,6.384628483776159e-08,LOW
11,85,0,4,0,0,1,1,0,2.1262232028670545e-12,LOW
6,188,1,50,1,1,1,1,1,1.0,HIGH
17,34,1,16,0,0,0,0,0,4.581667739872617e-06,LOW
13,23,0,17,0,0,0,0,0,4.058253395156281e-05,LOW
13,20,0,17,0,0,1,0,0,6.495011868937406e-05,LOW
20,114,1,79,1,1,0,1,1,1.0,HIGH
20,60,0,5,0,1,0,1,0,9.771359535946229e-14,LOW
10,36,1,7,0,0,0,0,0,8.035813209192744e-11,LOW
15,6,0,17,0,0,0,0,0,1.2306327113192485e-05,LOW
11,32,1,8,0,0,1,0,0,3.912729136566465e-10,LOW
13,109,0,2,0,0,1,1,0,8.839886245763765e-14,LOW
15,63,0,2,0,0,1,1,0,1.277267220617551e-14,LOW
11,330,0,25,1,0,1,1,0,0.99998704320775,HIGH
12,29,0,4,0,0,0,0,0,1.8710037847297995e-13,LOW
13,88,0,5,0,0,0,1,0,2.8373198841002423e-12,LOW
9,20,0,3,0,0,1,0,0,1.7575826186410229e-13,LOW
15,84,0,3,0,0,0,1,0,5.76641171341149e-14,LOW
12,134,1,73,1,0,1,1,1,1.0,HIGH
15,37,0,17,0,0,0,0,0,2.7181086291445465e-05,LOW
17,63,0,16,0,0,0,1,0,5.833300423007523e-06,LOW
16,41,0,19,0,0,0,0,0,0.00042839812550482997,LOW
13,69,0,18,0,0,0,1,0,0.0006446749042518708,LOW
13,37,0,17,0,0,0,0,0,5.8043262598823125e-05,LOW
16,109,0,10,0,0,1,1,0,5.303870401923194e-09,LOW
12,66,0,2,0,0,1,1,0,4.3036180415905675e-14,LOW
16,114,0,6,0,0,1,1,0,1.3928463531829549e-11,LOW
11,80,0,10,0,0,0,1,0,9.74633413593908e-09,LOW
12,31,0,16,0,0,0,0,0,1.5953699105904014e-05,LOW
16,70,0,16,0,0,0,1,0,1.0194637185138328e-05,LOW
16,69,1,15,0,0,0,1,0,3.862093585800406e-06,LOW
9,105,0,2,0,0,0,1,0,2.106114637582311e-13,LOW
11,34,0,18,0,0,0,0,0,0.0005233509069269343,LOW
15,77,0,12,0,0,0,1,0,4.117547197464349e-08,LOW
11,91,0,9,0,0,0,1,0,2.8307920718117934e-09,LOW
9,62,1,7,0,0,0,1,0,2.4545107734713734e-10,LOW
16,113,0,1,0,0,0,1,0,3.981070824214665e-15,LOW
13,36,0,9,0,0,0,0,0,3.021911444535432e-10,LOW
3,433,1,83,1,1,1,1,1,1.0,HIGH
5,162,1,80,1,1,1,1,1,1.0,HIGH
9,95,0,16,0,0,0,1,0,0.0002748130888332602,LOW
17,44,0,13,0,0,0,0,0,3.51798015214907e-08,LOW
17,64,0,18,0,0,0,1,0,0.00012446943678161144,LOW
12,106,0,18,0,0,0,1,0,0.00242142287772454,LOW
20,54,0,7,0,1,1,1,0,3.0130094201809237e-12,LOW
20,21,0,9,0,1,0,0,0,1.450932532728308e-11,LOW
17,30,0,10,0,0,1,0,0,4.480032634834547e-10,LOW
20,12,0,15,0,1,1,0,0,1.7930203664021288e-07,LOW
12,66,0,7,0,0,0,1,0,4.915007267557796e-11,LOW
15,30,0,16,0,0,1,0,0,8.611349832477676e-06,LOW
20,36,0,4,0,1,0,0,0,1.078754821059072e-14,LOW
15,7,0,1,0,0,0,0,0,3.601202592860223e-16,LOW
14,99,0,6,0,0,0,1,0,1.1730708121141164e-11,LOW
9,339,1,41,1,0,1,1,1,1.0,HIGH
22,95,1,80,1,1,1,1,1,1.0,HIGH
20,47,0,12,0,1,0,0,0,2.6756696709459457e-09,LOW
12,105,0,4,0,0,1,1,0,2.4259875096405077e-12,LOW
15,113,0,5,0,0,0,1,0,2.5173640850475747e-12,LOW
14,272,1,52,1,0,1,1,1,1.0,HIGH
11,38,1,6,0,0,0,0,0,1.2689201340840908e-11,LOW
20,52,0,7,0,1,1,1,0,2.862843438517756e-12,LOW
20,21,0,7,0,1,0,0,0,6.975072999295129e-13,LOW
3,326,0,43,1,1,1,1,1,1.0,HIGH
21,453,0,49,1,1,1,1,1,1.0,HIGH
10,21,0,4,0,0,0,0,0,3.256578201514441e-13,LOW
20,61,0,8,0,1,0,1,0,9.510517106398038e-12,LOW
15,20,0,18,0,0,0,0,0,8.02727988290458e-05,LOW
9,40,0,17,0,0,0,0,0,0.0002857288376780853,LOW
12,105,0,9,0,0,0,1,0,2.770633010000776e-09,LOW
9,88,0,15,0,0,1,1,0,8.707937803215694e-05,LOW
10,117,0,10,0,0,0,1,0,3.667279226131509e-08,LOW
13,17,0,14,0,0,0,0,0,3.6694439690255753e-07,LOW
22,74,0,90,1,1,1,1,1,1.0,HIGH
17,96,0,3,0,0,0,1,0,3.669649489831172e-14,LOW
15,50,1,5,0,0,1,0,0,1.4327198986740613e-12,LOW
13,42,0,2,0,0,0,0,0,8.5811559078936e-15,LOW
12,104,1,13,0,0,0,1,0,2.071440809158346e-06,LOW
14,248,0,65,1,0,0,1,1,1.0,HIGH
13,58,0,11,0,0,1,1,0,2.049821369552318e-08,LOW
13,196,1,34,1,0,0,1,1,0.9999999990393109,HIGH
2,471,1,63,1,1,1,1,1,1.0,HIGH
15,6,0,7,0,0,0,0,0,3.1596682968976872e-12,LOW
12,92,0,1,0,0,0,1,0,1.0613689216188727e-14,LOW
0,450,1,81,1,1,0,1,1,1.0,HIGH
13,55,0,19,0,0,0,1,0,0.002052850709959772,LOW
12,83,0,5,0,0,0,1,0,3.648801844339885e-12,LOW
8,274,1,34,1,1,1,1,1,0.9999999999886697,HIGH
17,99,0,5,0,0,0,1,0,8.241900788736205e-13,LOW
12,450,0,85,1,0,0,1,1,1.0,HIGH
16,30,1,14,0,0,0,0,0,2.9058314254353433e-07,LOW
14,54,0,19,0,0,0,1,0,0.0013702621732206003,LOW
1,426,1,25,1,1,1,1,0,0.9999999858895219,HIGH
12,108,0,10,0,0,0,1,0,1.3643712741181057e-08,LOW
10,317,1,58,1,0,1,1,1,1.0,HIGH
11,49,0,18,0,0,0,0,0,0.000767729917008138,LOW
10,46,0,7,0,0,1,0,0,1.0115819067140802e-10,LOW
12,6,0,18,0,0,1,0,0,0.0003025902438790173,LOW
13,97,0,10,0,0,0,1,0,7.048025434718475e-09,LOW
16,68,0,14,0,0,0,1,0,4.656661258388907e-07,LOW
15,10,0,17,0,0,0,0,0,1.3631186568808754e-05,LOW
20,40,0,10,0,1,1,0,0,1.8585730041707637e-10,LOW
20,103,1,10,0,1,0,1,0,1.02603518431631e-09,LOW
16,101,1,61,1,0,1,1,1,1.0,HIGH
9,96,0,12,0,0,1,1,0,1.126202590746966e-06,LOW
10,106,0,1,0,0,0,1,0,3.241791029473417e-14,LOW
15,49,0,11,0,0,1,0,0,7.0917967949585315e-09,LOW
20,235,1,29,1,1,1,1,0,0.9999941929801728,HIGH
20,105,0,3,0,1,1,1,0,2.5643499627166454e-14,LOW
15,17,0,3,0,0,0,0,0,9.672984054503732e-15,LOW
12,113,0,5,0,0,0,1,0,7.855858417155346e-12,LOW
15,18,0,17,0,0,0,0,0,1.6724143440610597e-05,LOW
17,37,0,3,0,0,0,0,0,7.552504173547664e-15,LOW
13,48,0,9,0,0,0,0,0,4.1067577083009456e-10,LOW
2,102,1,94,1,1,1,1,1,1.0,HIGH
9,113,0,17,0,0,0,1,0,0.0019823040746316085,LOW
9,92,0,18,0,0,0,1,0,0.0052681354691040015,LOW
16,11,0,3,0,0,1,0,0,9.812017210877613e-15,LOW
3,265,1,42,1,1,1,1,1,1.0,HIGH
23,398,1,95,1,1,1,1,1,1.0,HIGH
9,26,0,16,0,0,0,0,0,4.3811657670960264e-05,LOW
11,81,0,17,0,0,0,1,0,0.0004103071927146952,LOW
17,88,0,17,0,0,0,1,0,5.0405782038817184e-05,LOW
6,471,0,24,1,1,1,1,0,0.9999997593583585,HIGH
13,64,0,16,0,0,0,1,0,2.728998468142775e-05,LOW
9,67,0,15,0,0,0,1,0,2.9461460754755453e-05,LOW
20,92,0,18,0,1,0,1,0,8.180987356723614e-05,LOW
11,51,0,2,0,0,1,1,0,4.286089547008876e-14,LOW
13,10,0,5,0,0,0,0,0,3.5929173283592517e-13,LOW
12,266,0,35,1,0,0,1,1,0.9999999999573144,HIGH
13,37,0,15,0,0,0,0,0,2.7904699586538974e-06,LOW
10,67,0,17,0,0,0,1,0,0.00041921250353533373,LOW
11,89,1,15,0,0,1,1,0,7.415200753567988e-05,LOW
13,89,0,19,0,0,0,1,0,0.00488172911561975,LOW
17,412,1,43,1,0,1,1,1,1.0,HIGH
17,101,0,1,0,0,0,1,0,2.0046259635941764e-15,LOW
15,98,1,17,0,0,1,1,0,0.0004255836169512912,LOW
15,73,0,10,0,0,1,1,0,3.0880908400619834e-09,LOW
11,77,0,1,0,0,1,1,0,1.82662583598917e-14,LOW
15,72,0,1,0,0,0,1,0,2.0398105713567143e-15,LOW
10,32,0,15,0,0,0,0,0,7.663296389068908e-06,LOW
16,64,0,6,0,0,1,1,0,3.879992890285388e-12,LOW
11,90,0,18,0,0,0,1,0,0.002350863609382207,LOW
17,22,0,16,0,0,0,0,0,1.9019910206282371e-06,LOW
20,18,0,14,0,1,0,0,0,2.6520946750030776e-08,LOW
13,90,0,5,0,0,0,1,0,2.986147067576593e-12,LOW
17,45,1,18,0,0,0,0,0,0.00012623655002961636,LOW
13,32,0,10,0,0,0,0,0,1.244300229333443e-09,LOW
16,91,0,8,0,0,0,1,0,9.313495620116306e-11,LOW
11,53,0,12,0,0,1,1,0,1.756937700544069e-07,LOW
21,283,1,28,1,1,1,1,0,0.999988653028907,HIGH
17,412,1,91,1,0,0,1,1,1.0,HIGH
15,97,0,3,0,0,0,1,0,8.039414862444399e-14,LOW
17,60,0,9,0,0,1,1,0,2.2741737060372167e-10,LOW
16,46,0,7,0,0,0,0,0,6.011046847031535e-12,LOW
16,89,0,17,0,0,1,1,0,0.00013057255354338175,LOW
16,52,0,17,0,0,0,1,0,2.9348551066189484e-05,LOW
17,15,0,7,0,0,0,0,0,1.8623276562159857e-12,LOW
13,21,0,16,0,0,0,0,0,8.454754313589022e-06,LOW
10,93,0,7,0,0,0,1,0,2.09296327042728e-10,LOW
8,205,1,60,1,1,1,1,1,1.0,HIGH
12,115,0,11,0,0,0,1,0,7.442038129018337e-08,LOW
15,56,1,8,0,0,0,1,0,9.860757257078815e-11,LOW
12,28,0,13,0,0,0,0,0,1.557457587630437e-07,LOW
12,42,0,14,0,0,0,0,0,1.0159803884822374e-06,LOW
10,6,0,18,0,0,0,0,0,0.0003739096203761511,LOW
10,44,0,3,0,0,0,0,0,1.2854214134009075e-13,LOW
12,18,0,4,0,0,0,0,0,1.4124034315400757e-13,LOW
20,51,0,11,0,1,0,1,0,6.987750122296093e-10,LOW
0,329,1,88,1,1,1,1,1,1.0,HIGH
11,84,1,76,1,0,1,1,1,1.0,HIGH
16,87,0,17,0,0,0,1,0,7.179907104305299e-05,LOW
17,65,0,4,0,0,0,1,0,7.577553306629358e-14,LOW
12,46,0,11,0,0,0,0,0,1.1861615754853934e-08,LOW
14,39,0,8,0,0,1,0,0,8.45947366937687e-11,LOW
16,76,1,15,0,0,0,1,0,4.618836446716926e-06,LOW
11,268,0,78,1,0,1,1,1,1.0,HIGH
20,39,0,5,0,1,0,0,0,5.31222323692803e-14,LOW
7,407,1,63,1,1,1,1,1,1.0,HIGH
12,32,0,8,0,0,0,0,0,8.74129799102354e-11,LOW
17,46,0,16,0,0,0,0,0,3.5127113012077387e-06,LOW
16,22,1,6,0,0,1,0,0,2.1858524382321815e-12,LOW
12,34,0,7,0,0,1,0,0,3.485662183702292e-11,LOW
14,59,0,15,0,0,0,1,0,3.603362170826299e-06,LOW
15,85,1,8,0,0,0,1,0,2.0694369118604233e-10,LOW
22,58,1,69,1,1,1,1,1,1.0,HIGH
23,136,1,90,1,1,0,1,1,1.0,HIGH
13,91,0,15,0,0,0,1,0,1.1931629616930933e-05,LOW
16,29,0,18,0,0,0,0,0,6.914122116008351e-05,LOW
9,119,0,15,0,0,1,1,0,0.0001923155596909654,LOW
17,92,0,11,0,0,1,1,0,1.0719347521386616e-08,LOW
4,168,0,62,1,1,0,1,1,1.0,HIGH
17,95,0,19,0,0,0,1,0,0.0012524677406014926,LOW
16,50,0,1,0,0,0,0,0,7.397083328768073e-16,LOW
0,438,0,46,1,1,1,1,1,1.0,HIGH
16,78,0,16,0,0,1,1,0,2.161394731684773e-05,LOW
15,20,0,9,0,0,1,0,0,1.6244857322686378e-10,LOW
16,27,0,14,0,0,0,0,0,1.518333570618858e-07,LOW
13,22,0,12,0,0,0,0,0,2.004514388742102e-08,LOW
13,213,1,98,1,0,1,1,1,1.0,HIGH
9,115,0,17,0,0,0,1,0,0.002086065832761997,LOW
15,110,0,10,0,0,0,1,0,4.6013773078104565e-09,LOW
13,34,0,17,0,0,0,0,0,5.375877203949154e-05,LOW
17,6,0,16,0,0,1,0,0,2.1834382719078835e-06,LOW
12,101,0,2,0,0,0,1,0,6.092963943601014e-14,LOW
15,51,0,17,0,0,0,1,0,4.1805075751674516e-05,LOW
17,47,0,19,0,0,0,0,0,0.00034177844011814163,LOW
15,66,0,14,0,0,0,1,0,6.465779388450238e-07,LOW
20,22,0,16,0,1,1,0,0,1.0559625811242826e-06,LOW
20,103,0,13,0,1,0,1,0,5.491752763163968e-08,LOW
16,101,0,7,0,0,0,1,0,2.6368045555684504e-11,LOW
9,92,1,9,0,0,0,1,0,1.0992760557862789e-08,LOW
16,12,0,9,0,0,1,0,0,9.060561884821517e-11,LOW
12,33,0,12,0,0,0,0,0,3.880380175445321e-08,LOW
16,23,0,19,0,0,0,0,0,0.0002704519764500474,LOW
14,307,1,68,1,0,1,1,1,1.0,HIGH
20,116,0,1,0,1,1,1,0,1.6330321490429924e-15,LOW
13,116,0,17,0,0,1,1,0,0.0008119746612685985,LOW
14,64,0,12,0,0,0,1,0,4.3158763851881354e-08,LOW
12,11,1,9,0,0,1,0,0,7.139198401056414e-10,LOW
9,85,0,6,0,0,1,1,0,9.445081833809493e-11,LOW
10,86,0,10,0,0,0,1,0,1.6603481875926807e-08,LOW
17,97,0,13,0,0,0,1,0,1.4662845987443976e-07,LOW
23,302,1,21,1,1,1,1,0,0.6203208147993062,MEDIUM
9,47,0,5,0,0,1,0,0,7.29043164695504e-12,LOW
15,256,1,63,1,0,1,1,1,1.0,HIGH
13,30,0,3,0,0,0,0,0,2.8799017761020175e-14,LOW
9,60,0,17,0,0,0,1,0,0.0005121921452561635,LOW
17,59,0,16,0,0,0,1,0,5.266338948913319e-06,LOW
14,55,0,4,0,0,0,1,0,1.8313112349150702e-13,LOW
20,84,0,15,0,1,0,1,0,7.028808160574293e-07,LOW
13,81,0,13,0,0,1,1,0,7.676219818478909e-07,LOW
17,51,0,8,0,0,0,1,0,2.2924806787680362e-11,LOW
3,442,1,41,1,1,1,1,1,1.0,HIGH
17,62,0,5,0,0,1,1,0,5.531330423324518e-13,LOW
15,48,0,2,0,0,0,0,0,4.6844224731086705e-15,LOW
13,43,0,7,0,0,0,0,0,1.7373742946664644e-11,LOW
14,97,0,16,0,0,0,1,0,4.341050031388675e-05,LOW
15,39,0,5,0,0,0,0,0,3.53094324669861e-13,LOW
12,84,0,17,0,0,0,1,0,0.0003031871566177577,LOW
13,74,1,15,0,0,0,1,0,1.3695357290701706e-05,LOW
15,13,1,10,0,0,0,0,0,6.354746767799322e-10,LOW
17,44,0,6,0,0,0,0,0,8.569367841967777e-13,LOW
15,53,0,18,0,0,0,1,0,0.0002006375187102724,LOW
15,90,0,9,0,0,1,1,0,1.045599611324002e-09,LOW
14,62,0,16,0,0,0,1,0,1.774415576100296e-05,LOW
17,89,0,9,0,0,0,1,0,2.7619120746151455e-10,LOW
17,81,0,5,0,0,0,1,0,5.202371490597162e-13,LOW
11,52,0,12,0,0,1,1,0,1.7125959725134623e-07,LOW
13,26,0,16,0,0,0,0,0,9.607440854299135e-06,LOW
12,115,0,8,0,0,0,1,0,7.84412003246308e-10,LOW
20,25,1,9,0,1,0,0,0,2.8487343094659532e-11,LOW
9,117,0,8,0,0,0,1,0,2.576289936474271e-09,LOW
16,488,0,55,1,0,1,1,1,1.0,HIGH
15,43,0,9,0,0,1,0,0,2.9244833344732826e-10,LOW
9,40,0,6,0,0,0,0,0,1.608928131400163e-11,LOW
10,15,0,18,0,0,0,0,0,0.0004705845309019243,LOW
17,90,0,12,0,0,0,1,0,2.6881838946520825e-08,LOW
16,345,1,76,1,0,1,1,1,1.0,HIGH
10,408,1,87,1,0,1,1,1,1.0,HIGH
9,71,0,4,0,0,1,1,0,3.174585475294431e-12,LOW
11,66,1,11,0,0,0,1,0,5.508954856476395e-08,LOW
17,70,0,9,0,0,0,1,0,1.6993482230685292e-10,LOW
20,42,0,7,0,1,0,0,0,1.1931062355598105e-12,LOW
15,109,0,6,0,0,0,1,0,1.0365481480045343e-11,LOW
15,83,0,7,0,0,0,1,0,2.4322103052187903e-11,LOW
13,51,0,5,0,0,0,1,0,1.101932045898916e-12,LOW
17,5,0,16,0,0,0,0,0,1.2316411134028835e-06,LOW
20,111,0,18,0,1,1,1,0,0.0002297336668567886,LOW
10,74,1,12,0,0,0,1,0,4.5048366003403006e-07,LOW
9,52,0,11,0,0,0,1,0,4.6403254820807785e-08,LOW
16,96,0,9,0,0,0,1,0,4.826909689607332e-10,LOW
11,97,1,18,0,0,0,1,0,0.004970437882140522,LOW
14,486,1,44,1,0,0,1,1,1.0,HIGH
20,24,0,11,0,1,1,0,0,5.631261887458142e-10,LOW
20,57,0,1,0,1,0,1,0,2.091480085782706e-16,LOW
12,60,0,13,0,0,0,1,0,3.79499064658135e-07,LOW
16,45,0,7,0,0,1,0,0,1.0125217837708413e-11,LOW
12,16,1,12,0,0,0,0,0,4.453983911605921e-08,LOW
11,17,0,10,0,0,0,0,0,1.8109310160257897e-09,LOW
17,57,0,4,0,0,0,1,0,6.176144311692958e-14,LOW
12,78,0,7,0,0,0,1,0,6.679462437832887e-11,LOW
23,201,1,50,1,1,0,1,1,1.0,HIGH
13,9,1,2,0,0,1,0,0,1.1307139241608527e-14,LOW
16,110,0,3,0,0,0,1,0,7.669976411758587e-14,LOW
10,80,0,9,0,0,0,1,0,3.1227791699846133e-09,LOW
17,107,0,7,0,0,1,1,0,3.6349054397632156e-11,LOW
11,85,0,1,0,0,0,1,0,1.2968969012880728e-14,LOW
13,68,0,6,0,0,0,1,0,7.761195436542992e-12,LOW
9,51,0,7,0,0,0,1,0,1.0453220119626895e-10,LOW
12,97,1,10,0,0,1,1,0,3.154796213874386e-08,LOW
11,115,0,15,0,0,0,1,0,4.7056282491550034e-05,LOW
9,44,0,8,0,0,1,0,0,6.406142534877264e-10,LOW
10,93,0,10,0,0,0,1,0,1.9856801320751214e-08,LOW
11,27,0,11,0,0,0,0,0,1.066511616510118e-08,LOW
14,25,0,9,0,0,1,0,0,2.697567587507428e-10,LOW
11,19,0,19,0,0,0,0,0,0.0016249559476319334,LOW
14,73,1,2,0,0,0,1,0,2.472228819843251e-14,LOW
13,92,0,11,0,0,0,1,0,2.8288469802757287e-08,LOW
5,479,1,63,1,1,0,1,1,1.0,HIGH
20,21,0,3,0,1,0,0,0,1.6119509942275564e-15,LOW
14,79,0,14,0,0,0,1,0,1.3173118230118727e-06,LOW
14,112,0,9,0,0,0,1,0,1.551639095231445e-09,LOW
9,59,0,3,0,0,0,1,0,2.9639081303232125e-13,LOW
16,359,0,61,1,0,0,1,1,1.0,HIGH
12,15,1,7,0,0,0,0,0,2.1998904999858154e-11,LOW
20,102,0,19,0,1,0,1,0,0.0004816102579037027,LOW
17,119,0,14,0,0,0,1,0,1.1735426062392953e-06,LOW
16,72,0,13,0,0,0,1,0,1.1309186132485707e-07,LOW
13,5,1,5,0,0,0,0,0,5.604526684493555e-13,LOW
10,109,0,4,0,0,1,1,0,5.738425578415395e-12,LOW
15,6,0,3,0,0,0,0,0,7.30204609061546e-15,LOW
14,58,0,11,0,0,0,1,0,8.117290859347267e-09,LOW
14,73,0,10,0,0,1,1,0,4.512729186435935e-09,LOW
16,29,0,13,0,0,0,0,0,3.503651535325055e-08,LOW
15,109,0,14,0,0,0,1,0,1.9408075929461385e-06,LOW
16,43,0,3,0,0,0,0,0,1.2866157190407928e-14,LOW
9,7,0,5,0,0,0,0,0,1.5175384674331365e-12,LOW
16,37,0,19,0,0,0,0,0,0.0003867763074081121,LOW
15,53,0,16,0,0,0,1,0,9.64709691979701e-06,LOW
9,101,0,8,0,0,0,1,0,1.71147912865895e-09,LOW
17,108,1,17,0,0,1,1,0,0.0002573795409981574,LOW
10,19,0,8,0,0,0,0,0,1.3389228180980375e-10,LOW
15,32,0,15,0,0,0,0,0,1.1499327031438558e-06,LOW
12,63,0,4,0,0,0,1,0,4.798131379851439e-13,LOW
11,50,0,3,0,0,0,0,0,1.0254275913796917e-13,LOW
11,18,0,17,0,0,0,0,0,7.626316873747702e-05,LOW
9,16,0,13,0,0,0,0,0,3.5764026620097755e-07,LOW
19,384,0,77,1,1,1,1,1,1.0,HIGH
20,61,0,4,0,1,0,1,0,2.1978963527636952e-14,LOW
15,29,0,15,0,0,0,0,0,1.065045410126818e-06,LOW
11,36,1,8,0,0,1,0,0,4.3339666679961637e-10,LOW
20,32,0,2,0,1,1,0,0,8.090478614930049e-16,LOW
20,53,0,4,0,1,0,1,0,1.7914126773527476e-14,LOW
13,39,0,19,0,0,0,0,0,0.0012691905351755546,LOW
12,54,0,14,0,0,0,1,0,1.48474129165603e-06,LOW
10,17,0,16,0,0,0,0,0,2.3819692589244094e-05,LOW
12,91,0,9,0,0,0,1,0,1.937129994132106e-09,LOW
9,38,0,14,0,0,1,0,0,4.946308045258211e-06,LOW
9,449,1,91,1,0,1,1,1,1.0,HIGH
16,40,0,7,0,0,0,0,0,5.156338725004291e-12,LOW
14,20,0,4,0,0,1,0,0,1.2028707193221525e-13,LOW
11,52,0,6,0,0,1,1,0,1.902653080706984e-11,LOW
20,50,0,13,0,1,0,0,0,1.3176075020585897e-08,LOW
13,14,0,11,0,0,0,0,0,3.5821881215262995e-09,LOW
16,77,0,8,0,0,1,1,0,1.1252478306428864e-10,LOW
15,59,0,11,0,0,0,1,0,5.698536696404208e-09,LOW
12,34,0,13,0,0,0,0,0,1.8156197214955732e-07,LOW
17,38,0,10,0,0,1,0,0,5.496582396589434e-10,LOW
13,84,0,18,0,0,0,1,0,0.0009456526239199801,LOW
20,81,0,10,0,1,0,1,0,3.2986140536987173e-10,LOW
12,17,0,9,0,0,0,0,0,2.717086544120333e-10,LOW
14,51,0,3,0,0,0,1,0,3.6249927853668016e-14,LOW
10,48,0,8,0,0,0,0,0,2.8099427149043034e-10,LOW
9,78,0,15,0,0,0,1,0,3.902707685966278e-05,LOW
20,36,0,6,0,1,1,0,0,3.8777242226998173e-13,LOW
12,6,0,5,0,0,0,0,0,4.740134306756861e-13,LOW
12,75,0,7,0,0,1,1,0,1.0690373615915323e-10,LOW
16,50,0,5,0,0,0,0,0,3.200791859356137e-13,LOW
10,36,0,15,0,0,1,0,0,1.4668107080225035e-05,LOW
9,55,0,2,0,0,1,1,0,1.0138306891637403e-13,LOW
17,71,1,44,1,0,1,1,1,0.999999999999984,HIGH
9,108,0,10,0,0,1,1,0,7.357594781584946e-08,LOW
16,70,0,11,0,0,0,1,0,5.165710294229422e-09,LOW
20,49,0,14,0,1,0,0,0,5.857790349916205e-08,LOW
10,52,0,1,0,0,0,1,0,8.152803067459799e-15,LOW
15,93,1,17,0,0,0,1,0,0.00021677673824079712,LOW
13,16,0,8,0,0,0,0,0,3.97377790065777e-11,LOW
11,111,0,13,0,0,0,1,0,2.0423629349472574e-06,LOW
10,22,0,8,0,0,1,0,0,2.498133183677712e-10,LOW
10,20,0,7,0,0,0,0,0,3.0116726009406445e-11,LOW
13,17,0,13,0,0,0,0,0,8.045465082280955e-08,LOW
9,22,0,5,0,0,0,0,0,2.226698379841907e-12,LOW
9,47,0,18,0,0,0,0,0,0.0015565425899730838,LOW
16,113,0,18,0,0,0,1,0,0.0006361513607867717,LOW
14,102,0,5,0,0,1,1,0,4.798826448093634e-12,LOW
17,113,0,17,0,0,1,1,0,0.00016501462134465225,LOW
12,103,0,18,0,0,1,1,0,0.003869822061429693,LOW
17,463,1,38,1,0,1,1,1,0.9999999999999936,HIGH
12,69,0,13,0,0,0,1,0,4.776652832813808e-07,LOW
16,56,0,3,0,0,0,1,0,1.928927763961683e-14,LOW
10,72,0,12,0,0,0,1,0,2.4147784823175064e-07,LOW
15,16,0,10,0,0,0,0,0,3.8708259226883144e-10,LOW
15,27,0,10,0,0,0,0,0,5.127663802525e-10,LOW
20,102,0,7,0,1,0,1,0,5.947222288096453e-12,LOW
14,47,0,18,0,0,1,0,0,0.00040408403108200695,LOW
20,94,1,6,0,1,0,1,0,1.883876031641633e-12,LOW
9,39,0,19,0,0,0,0,0,0.005761898462095118,LOW
15,21,0,10,0,0,0,0,0,4.3985635295330516e-10,LOW
12,216,1,27,1,0,1,1,0,0.9999905351090879,HIGH
12,62,0,17,0,0,0,1,0,0.00017279677688228224,LOW
10,46,0,9,0,0,1,0,0,2.1042605506771885e-09,LOW
9,78,0,18,0,0,0,1,0,0.0036891433251593406,LOW
15,71,0,12,0,0,0,1,0,3.532074983093728e-08,LOW
15,61,0,14,0,0,0,1,0,5.690018625262676e-07,LOW
18,405,1,64,1,0,1,1,1,1.0,HIGH
13,58,0,19,0,0,0,1,0,0.002216106621121376,LOW
10,69,0,13,0,0,1,1,0,1.7626952692423702e-06,LOW
11,47,1,19,0,0,0,0,0,0.005867210856508437,LOW
9,5,0,12,0,0,0,0,0,5.919450679997342e-08,LOW
13,78,0,3,0,0,1,1,0,1.825370772806217e-13,LOW
9,68,0,19,0,0,0,1,0,0.01290988115117498,LOW
13,48,0,14,0,0,0,0,0,8.104848152345481e-07,LOW
16,108,0,15,0,0,0,1,0,5.904448527567709e-06,LOW
10,68,0,1,0,0,0,1,0,1.227241639305044e-14,LOW
14,88,0,19,0,0,0,1,0,0.003261591148329985,LOW
14,112,0,18,0,0,1,1,0,0.0022845265342004845,LOW
17,7,0,9,0,0,1,0,0,5.456305738304368e-11,LOW
20,71,0,15,0,1,0,1,0,5.041537283068778e-07,LOW
14,395,1,67,1,0,1,1,1,1.0,HIGH
12,76,0,18,0,0,1,1,0,0.0019444222981378184,LOW
17,48,0,1,0,0,0,0,0,4.809593971377661e-16,LOW
17,14,0,8,0,0,1,0,0,1.4307362680744973e-11,LOW
20,7,0,2,0,1,1,0,0,4.2701002725200186e-16,LOW
9,43,0,13,0,0,1,0,0,1.232369014245536e-06,LOW
11,28,0,8,0,0,1,0,0,1.9928520459575826e-10,LOW
9,73,0,11,0,0,0,1,0,7.937409523484695e-08,LOW
22,341,1,63,1,1,1,1,1,1.0,HIGH
23,469,0,29,1,1,0,1,0,0.9999998598413967,HIGH
12,336,1,73,1,0,1,1,1,1.0,HIGH
15,94,0,15,0,0,0,1,0,6.032651700206853e-06,LOW
14,48,0,13,0,0,0,0,0,1.2160368781781202e-07,LOW
2,314,1,95,1,1,1,1,1,1.0,HIGH
20,114,0,9,0,1,0,1,0,1.681241029943865e-10,LOW
10,59,0,14,0,0,1,1,0,6.226013741646316e-06,LOW
11,90,0,12,0,0,1,1,0,4.523865978966712e-07,LOW
20,37,0,5,0,1,1,0,0,8.722262132248881e-14,LOW
12,105,0,18,0,0,1,1,0,0.0040719809811748005,LOW
15,85,0,9,0,0,1,1,0,9.201490562510034e-10,LOW
5,127,1,32,1,1,0,1,1,0.9999999944081459,HIGH
13,481,1,80,1,0,0,1,1,1.0,HIGH
12,39,0,6,0,0,0,0,0,5.025596119307974e-12,LOW
11,109,0,19,0,0,0,1,0,0.017167451558575575,LOW
14,64,0,13,0,0,0,1,0,1.9684217772325106e-07,LOW
7,393,1,38,1,1,1,1,1,0.9999999999999991,HIGH
15,63,0,3,0,0,0,1,0,3.371128357748021e-14,LOW
17,105,0,16,0,0,0,1,0,1.706751060382029e-05,LOW
13,97,0,11,0,0,0,1,0,3.2145240729648466e-08,LOW
12,84,0,4,0,0,1,1,0,1.4182676672701933e-12,LOW
10,112,1,18,0,0,1,1,0,0.018172737452418233,LOW
14,45,0,19,0,0,0,0,0,0.0010127396085447752,LOW
12,43,1,12,0,0,0,0,0,8.881527336009487e-08,LOW
20,111,0,8,0,1,0,1,0,3.4141013767071906e-11,LOW
10,44,0,10,0,0,0,0,0,5.2770370441619504e-09,LOW
13,20,0,2,0,0,1,0,0,8.450252714122936e-15,LOW
14,50,0,13,0,0,0,0,0,1.2798221853742516e-07,LOW
12,21,0,14,0,0,1,0,0,1.0263858841088646e-06,LOW
9,42,0,4,0,0,0,0,0,8.140312456570695e-13,LOW
15,15,0,3,0,0,0,0,0,9.190890259365966e-15,LOW
16,93,0,15,0,0,0,1,0,4.024004642917879e-06,LOW
18,137,1,96,1,0,1,1,1,1.0,HIGH
14,31,0,3,0,0,0,0,0,2.0217614716324323e-14,LOW
12,59,0,11,0,0,0,1,0,1.7783242875777185e-08,LOW
10,63,1,7,0,0,0,1,0,1.7231265854458285e-10,LOW
16,25,0,15,0,0,0,0,0,6.579809409811786e-07,LOW
10,8,1,18,0,0,0,0,0,0.0006973132988702466,LOW
15,356,1,61,1,0,1,1,1,1.0,HIGH
14,115,0,19,0,0,0,1,0,0.00648280184861284,LOW
20,102,0,17,0,1,0,1,0,2.3163085936893616e-05,LOW
20,93,0,12,0,1,1,1,0,1.611398724708366e-08,LOW
10,119,0,17,0,0,0,1,0,0.0015819906285513474,LOW
10,107,0,5,0,0,0,1,0,1.4390748540400466e-11,LOW
14,43,0,7,0,0,0,0,0,1.1888968772225318e-11,LOW
18,372,1,83,1,0,1,1,1,1.0,HIGH
11,109,0,6,0,0,0,1,0,4.727007606643353e-11,LOW
10,62,0,16,0,0,0,1,0,8.09141966323061e-05,LOW
12,103,0,7,0,0,1,1,0,2.186922340947285e-10,LOW
17,105,0,3,0,0,0,1,0,4.6188897375932245e-14,LOW
15,289,0,71,1,0,1,1,1,1.0,HIGH
11,91,0,17,0,0,1,1,0,0.000915081823438869,LOW
16,55,0,16,0,0,0,1,0,6.9478670575730934e-06,LOW
15,105,0,16,0,0,0,1,0,3.644686476550796e-05,LOW
12,44,0,16,0,0,1,0,0,3.843493357429105e-05,LOW
16,36,1,2,0,0,0,0,0,4.181079717476378e-15,LOW
10,102,0,12,0,0,0,1,0,5.199008713958093e-07,LOW
10,42,0,5,0,0,0,0,0,2.5406281193569076e-12,LOW
12,30,0,6,0,0,0,0,0,3.992772567232706e-12,LOW
14,63,0,4,0,0,0,1,0,2.2468481633962956e-13,LOW
16,26,0,19,0,0,0,0,0,0.00029200153536416946,LOW
12,57,0,11,0,0,0,1,0,1.6896940277254057e-08,LOW
9,113,0,3,0,0,0,1,0,1.1785358617831252e-12,LOW
10,103,0,15,0,0,1,1,0,8.74354688068275e-05,LOW
16,116,0,14,0,0,0,1,0,1.5883402805592483e-06,LOW
11,16,0,14,0,0,0,0,0,7.638306007036889e-07,LOW
8,315,1,58,1,1,1,1,1,1.0,HIGH
14,92,1,1,0,0,0,1,0,8.809817284091268e-15,LOW
16,112,1,1,0,0,0,1,0,6.878557995276799e-15,LOW
16,63,1,1,0,0,0,1,0,1.9657422281091622e-15,LOW
11,12,0,18,0,0,1,0,0,0.0005153714460372618,LOW
13,62,0,8,0,0,0,1,0,1.3848999741439678e-10,LOW
20,70,0,10,0,1,0,1,0,2.490093204071037e-10,LOW
15,84,1,19,0,0,0,1,0,0.003570580466141768,LOW
20,93,0,10,0,1,1,1,0,7.746482799534654e-10,LOW
10,32,0,12,0,0,1,0,0,1.3958119330458698e-07,LOW
10,83,1,94,1,0,1,1,1,1.0,HIGH
10,105,0,6,0,0,0,1,0,6.236339129586218e-11,LOW
11,15,1,8,0,0,1,0,0,2.53370010064764e-10,LOW
15,96,1,5,0,0,0,1,0,2.8894847133063983e-12,LOW
11,71,0,15,0,0,0,1,0,1.528156406686304e-05,LOW
17,17,0,10,0,0,0,0,0,1.85954492915601e-10,LOW
13,51,0,5,0,0,0,1,0,1.101932045898916e-12,LOW
10,21,0,3,0,0,0,0,0,7.140231305599547e-14,LOW
13,22,0,12,0,0,0,0,0,2.004514388742102e-08,LOW
12,84,0,3,0,0,0,1,0,1.7995058507783156e-13,LOW
17,59,0,11,0,0,0,1,0,2.6684860699982143e-09,LOW
11,32,0,5,0,0,0,0,0,1.3464103420278268e-12,LOW
9,98,0,10,0,0,0,1,0,3.2973550874329044e-08,LOW
11,7,0,8,0,0,1,0,0,1.165050360496226e-10,LOW
14,85,1,19,0,0,0,1,0,0.005343380623379473,LOW
16,96,0,16,0,0,0,1,0,1.981550671693218e-05,LOW
13,201,1,82,1,0,1,1,1,1.0,HIGH
12,49,0,13,0,0,1,0,0,4.6036485705412945e-07,LOW
16,103,0,2,0,0,0,1,0,1.4061598008418878e-14,LOW
20,102,0,7,0,1,0,1,0,5.947222288096453e-12,LOW
13,113,0,8,0,0,0,1,0,5.100257865491975e-10,LOW
8,403,1,74,1,1,1,1,1,1.0,HIGH
16,106,0,5,0,0,0,1,0,1.4404119215731089e-12,LOW
10,20,1,18,0,0,0,0,0,0.0009474070057299312,LOW
20,79,1,11,0,1,0,1,0,2.5338260016963846e-09,LOW
15,31,0,7,0,0,0,0,0,5.98656405114456e-12,LOW
14,119,0,18,0,0,0,1,0,0.0015821812484886157,LOW
8,415,0,61,1,1,1,1,1,1.0,HIGH
14,97,0,16,0,0,1,1,0,7.501304137317032e-05,LOW
14,5,0,10,0,0,0,0,0,4.270089168830341e-10,LOW
17,61,0,14,0,0,1,1,0,4.604378667186557e-07,LOW
18,369,1,57,1,0,0,1,1,1.0,HIGH
11,113,0,15,0,0,0,1,0,4.4711139835759934e-05,LOW
17,23,0,2,0,0,0,0,0,1.1577679003811143e-15,LOW
10,35,0,15,0,0,1,0,0,1.4297917501753528e-05,LOW
13,66,0,6,0,0,0,1,0,7.374383658326578e-12,LOW
11,16,1,5,0,0,0,0,0,1.5854525682305754e-12,LOW
20,85,0,12,0,1,0,1,0,7.600387686698456e-09,LOW
17,40,1,4,0,0,0,0,0,6.592399026823798e-14,LOW
11,73,0,5,0,0,0,1,0,4.129381689627362e-12,LOW
16,55,1,7,0,0,1,1,0,2.4921036131772075e-11,LOW
10,66,0,13,0,0,0,1,0,9.447514099457394e-07,LOW
15,66,0,11,0,0,1,1,0,1.1776850843369027e-08,LOW
15,95,0,14,0,0,0,1,0,1.3569457880275937e-06,LOW
9,11,0,4,0,0,0,0,0,3.6854986841885003e-13,LOW
16,115,0,7,0,0,0,1,0,3.771361638462412e-11,LOW
17,90,0,17,0,0,0,1,0,5.3049598356097295e-05,LOW
11,107,0,18,0,0,0,1,0,0.0036257401651935625,LOW
15,65,1,6,0,0,1,1,0,1.031051897392603e-11,LOW
6,152,1,48,1,1,1,1,1,1.0,HIGH
17,108,0,18,0,0,1,1,0,0.0006619855485118045,LOW
12,87,1,9,0,0,1,1,0,5.356827177080921e-09,LOW
5,230,1,50,1,1,0,1,1,1.0,HIGH
17,46,1,11,0,0,0,0,0,3.154981186206388e-09,LOW
9,80,0,1,0,0,0,1,0,2.4372306720695005e-14,LOW
13,26,0,12,0,0,0,0,0,2.2203168746734725e-08,LOW
17,82,0,12,0,0,0,1,0,2.1910253983638825e-08,LOW
12,24,1,13,0,0,0,0,0,2.4923518404395966e-07,LOW
17,20,0,19,0,0,1,0,0,0.0002961973316056176,LOW
20,84,0,2,0,1,0,1,0,1.9021378894177786e-15,LOW
11,109,0,5,0,0,0,1,0,1.0364230676328604e-11,LOW
12,16,0,10,0,0,0,0,0,1.2079563922403414e-09,LOW
10,7,0,13,0,0,0,0,0,1.9443939646041904e-07,LOW
20,68,0,1,0,1,0,1,0,2.7705732433117567e-16,LOW
16,15,1,7,0,0,0,0,0,4.82396605481095e-12,LOW
20,114,0,4,0,1,0,1,0,8.51890601464245e-14,LOW
9,82,0,11,0,0,0,1,0,9.99060502643322e-08,LOW
11,80,0,7,0,0,0,1,0,1.0272912960280165e-10,LOW
17,82,0,2,0,0,1,1,0,9.720997314865867e-15,LOW
16,55,0,19,0,0,1,1,0,0.001137793632943892,LOW
17,62,0,7,0,0,0,1,0,6.658437926456205e-12,LOW
10,55,1,7,0,0,0,1,0,1.4044478512683737e-10,LOW
16,59,0,13,0,0,0,1,0,8.111712927434198e-08,LOW
17,43,0,17,0,0,0,0,0,1.4838241428370633e-05,LOW
20,88,1,11,0,1,0,1,0,3.1892590670696606e-09,LOW
10,84,0,7,0,0,0,1,0,1.6628328525311742e-10,LOW
10,31,0,11,0,0,0,0,0,1.7263171106458114e-08,LOW
17,37,0,16,0,0,0,0,0,2.790806724648773e-06,LOW
11,45,0,2,0,0,0,0,0,1.9785568803791928e-14,LOW
9,46,0,8,0,0,0,0,0,3.9016093216858827e-10,LOW
17,71,0,5,0,0,0,1,0,4.0289038653708915e-13,LOW
17,76,0,12,0,0,1,1,0,3.2478386229363286e-08,LOW
15,110,0,13,0,0,0,1,0,4.365513653416225e-07,LOW
13,111,1,19,0,0,0,1,0,0.015029786894892502,LOW
15,70,0,17,0,0,0,1,0,6.794306421400556e-05,LOW
9,57,1,15,0,0,0,1,0,4.044212767583371e-05,LOW
17,66,1,18,0,0,0,1,0,0.0002321762411918098,LOW
7,434,0,23,1,1,1,1,0,0.9999958702761033,HIGH
13,106,0,7,0,0,0,1,0,9.350455858474873e-11,LOW
16,45,0,11,0,0,1,0,0,4.381282898551407e-09,LOW
11,97,0,8,0,0,0,1,0,7.235481120192114e-10,LOW
13,96,0,11,0,0,0,1,0,3.133395657260757e-08,LOW
11,22,0,3,0,0,0,0,0,5.0126169829806414e-14,LOW
17,30,0,19,0,0,0,0,0,0.00022134637059701033,LOW
17,26,0,13,0,0,1,0,0,3.837276294038861e-08,LOW
17,53,0,17,0,0,0,1,0,2.060358071619629e-05,LOW
16,100,0,15,0,0,0,1,0,4.8124723815993696e-06,LOW
15,60,0,6,0,0,0,1,0,2.9622291000745314e-12,LOW
16,24,0,19,0,0,0,0,0,0.0002774524499935246,LOW
17,38,0,6,0,0,0,0,0,7.350893176640835e-13,LOW
9,113,0,3,0,0,0,1,0,1.1785358617831252e-12,LOW
22,302,0,79,1,1,0,1,1,1.0,HIGH
12,105,0,9,0,0,0,1,0,2.770633010000776e-09,LOW
9,63,0,2,0,0,0,1,0,7.19815658632255e-14,LOW
10,119,1,2,0,0,0,1,0,3.653860690684627e-13,LOW
13,43,1,2,0,0,0,0,0,1.5604367982244022e-14,LOW
19,212,1,73,1,1,0,1,1,1.0,HIGH
13,57,0,4,0,0,0,1,0,2.816529188573976e-13,LOW
12,113,0,2,0,0,0,1,0,8.280297786272142e-14,LOW
14,9,0,12,0,0,0,0,0,9.838778511841688e-09,LOW
4,190,1,66,1,1,1,1,1,1.0,HIGH
11,68,0,6,0,0,1,1,0,2.864064134080336e-11,LOW
17,56,0,1,0,0,0,1,0,6.345535783146585e-16,LOW
12,85,0,6,0,0,0,1,0,1.7514687811656356e-11,LOW
10,110,0,19,0,0,0,1,0,0.025518237014792416,LOW
15,321,1,56,1,0,1,1,1,1.0,HIGH
10,45,0,6,0,0,0,0,0,1.2511076167109366e-11,LOW
7,344,1,68,1,1,1,1,1,1.0,HIGH
16,33,0,14,0,0,0,0,0,1.77001055971374e-07,LOW
9,111,0,14,0,0,0,1,0,1.989174162538491e-05,LOW
15,30,0,4,0,0,1,0,0,1.0628799246598918e-13,LOW
17,97,0,18,0,0,0,1,0,0.00028929360487624966,LOW
9,118,0,13,0,0,0,1,0,5.216029896257986e-06,LOW
15,45,0,6,0,0,1,0,0,3.2441755746243484e-12,LOW
18,228,0,82,1,0,1,1,1,1.0,HIGH
13,28,1,14,0,0,0,0,0,8.616182570962569e-07,LOW
10,16,0,5,0,0,1,0,0,2.258703488327245e-12,LOW
11,24,0,19,0,0,1,0,0,0.003185847676136918,LOW
17,25,0,1,0,0,0,0,0,2.6716229466562347e-16,LOW
12,68,1,3,0,0,0,1,0,2.1189908333339756e-13,LOW
17,98,0,12,0,0,0,1,0,3.29815101582623e-08,LOW
20,36,0,9,0,1,0,0,0,2.128966869176761e-11,LOW
14,46,0,16,0,0,0,0,0,1.0961925309970116e-05,LOW
10,29,0,1,0,0,0,0,0,4.211389253141308e-15,LOW
10,9,0,11,0,0,0,0,0,9.837591265437981e-09,LOW
22,389,1,76,1,1,1,1,1,1.0,HIGH
15,56,0,3,0,0,0,1,0,2.818805884344651e-14,LOW
9,95,0,15,0,0,0,1,0,6.026724992996032e-05,LOW
10,21,0,15,0,0,0,0,0,5.7849623479027436e-06,LOW
12,96,0,14,0,0,0,1,0,4.344204503227912e-06,LOW
12,117,0,3,0,0,0,1,0,4.183126219078879e-13,LOW
17,113,0,8,0,0,0,1,0,1.118395248465716e-10,LOW
11,84,0,13,0,0,1,1,0,1.7699040173218876e-06,LOW
15,79,0,6,0,0,0,1,0,4.814443684386898e-12,LOW
13,143,1,81,1,0,0,1,1,1.0,HIGH
12,9,1,10,0,0,1,0,0,3.093825322120812e-09,LOW
9,95,0,18,0,0,0,1,0,0.005685634726136751,LOW
16,11,0,16,0,0,0,0,0,2.098174866447413e-06,LOW
15,19,0,13,0,0,1,0,0,6.851905249026832e-08,LOW
10,95,0,14,0,0,0,1,0,9.042847060679473e-06,LOW
15,72,0,3,0,0,1,1,0,7.332363858643962e-14,LOW
13,52,0,15,0,0,1,1,0,7.6085337227647185e-06,LOW
20,61,0,7,0,1,0,1,0,2.085234493814723e-12,LOW
14,106,0,2,0,0,1,1,0,5.6026453749307145e-14,LOW
13,115,0,1,0,0,0,1,0,1.3075262332482622e-14,LOW
15,7,0,5,0,0,1,0,0,2.692775736726644e-13,LOW
19,52,1,35,1,1,1,1,1,0.9999999530160306,HIGH
9,51,0,10,0,0,0,1,0,9.917398936317067e-09,LOW
15,94,0,18,0,0,0,1,0,0.0005720184912525795,LOW
10,70,0,15,0,0,0,1,0,2.176771031572388e-05,LOW
16,31,0,11,0,0,0,0,0,1.7726596128284557e-09,LOW
10,82,1,9,0,0,0,1,0,5.825632829234445e-09,LOW
11,69,0,15,0,0,0,1,0,1.4519954184691794e-05,LOW
9,36,0,2,0,0,1,0,0,5.800823459568226e-14,LOW
11,83,0,81,1,0,1,1,1,1.0,HIGH
12,22,0,16,0,0,0,0,0,1.2675053759795477e-05,LOW
15,54,0,3,0,0,1,1,0,4.628262542181481e-14,LOW
11,15,0,5,0,0,1,0,0,1.5066368023476847e-12,LOW
11,99,0,19,0,0,1,1,0,0.022841908365076335,LOW
20,25,0,8,0,1,0,0,0,3.5237393021832302e-12,LOW
13,32,0,8,0,0,0,0,0,5.981728817177178e-11,LOW
16,6,0,5,0,0,0,0,0,1.0394265983149247e-13,LOW
14,26,1,13,0,0,0,0,0,1.228326683706825e-07,LOW
20,111,0,9,0,1,0,1,0,1.5571327655837974e-10,LOW
16,32,0,4,0,0,0,0,0,4.429780242042386e-14,LOW
2,165,1,33,1,1,1,1,1,0.9999999999139306,HIGH
11,37,0,10,0,0,1,0,0,5.217789166589464e-09,LOW
20,86,1,12,0,1,0,1,0,1.3820893922241453e-08,LOW
20,29,0,3,0,1,0,0,0,1.9777135976742547e-15,LOW
20,111,0,9,0,1,0,1,0,1.5571327655837974e-10,LOW
14,119,0,9,0,0,0,1,0,1.8556703682173018e-09,LOW
11,23,1,17,0,0,0,0,0,0.00015359866083426366,LOW
14,69,0,18,0,0,0,1,0,0.0004412451609015093,LOW
13,34,0,10,0,0,0,0,0,1.3095680545534527e-09,LOW
15,107,0,4,0,0,0,1,0,4.734652695645547e-13,LOW
16,116,0,17,0,0,0,1,0,0.0001506698970879862,LOW
15,89,0,15,0,0,0,1,0,5.308860796776941e-06,LOW
14,8,0,10,0,0,0,0,0,4.6104283916405016e-10,LOW
11,114,0,18,0,0,0,1,0,0.00433309657597995,LOW
5,145,1,47,1,1,1,1,1,1.0,HIGH
13,5,0,8,0,0,1,0,0,5.1837422225148336e-11,LOW
16,143,1,82,1,0,1,1,1,1.0,HIGH
16,29,0,2,0,0,0,0,0,1.972329104892751e-15,LOW
15,35,0,11,0,0,0,0,0,2.869328932229863e-09,LOW
11,107,0,14,0,0,0,1,0,8.409566383021575e-06,LOW
16,40,0,14,0,0,1,0,0,3.6579823303212595e-07,LOW
11,23,0,1,0,0,0,0,0,2.4721083723814628e-15,LOW
17,53,0,18,0,0,1,1,0,0.00016236262785744801,LOW
9,216,1,58,1,0,0,1,1,1.0,HIGH
13,61,1,62,1,0,1,1,1,1.0,HIGH
11,14,0,12,0,0,0,0,0,3.48896021449826e-08,LOW
12,90,0,15,0,0,1,1,0,2.9369439503615406e-05,LOW
10,104,0,12,0,0,0,1,0,5.471714447537747e-07,LOW
9,113,0,7,0,0,0,1,0,5.099642416850887e-10,LOW
9,63,0,8,0,0,1,1,0,1.119624471107146e-09,LOW
10,77,1,15,0,0,0,1,0,4.614357376456979e-05,LOW
14,10,0,3,0,0,1,0,0,2.042468024615342e-14,LOW
15,95,0,19,0,0,0,1,0,0.002670839296800351,LOW
13,25,0,1,0,0,1,0,0,2.105366434069273e-15,LOW
14,71,0,10,0,0,0,1,0,2.4813079837329462e-09,LOW
10,63,0,19,0,0,0,1,0,0.007814512257697113,LOW
15,119,0,15,0,0,0,1,0,1.1429889939851914e-05,LOW
15,32,0,19,0,0,0,0,0,0.0004973404710034485,LOW
14,115,0,1,0,0,0,1,0,8.947489670815568e-15,LOW
12,63,0,8,0,0,0,1,0,2.076199384944751e-10,LOW
11,117,0,4,0,0,0,1,0,2.788042597360608e-12,LOW
13,41,0,11,0,0,0,0,0,7.143111347238254e-09,LOW
16,90,0,3,0,0,0,1,0,4.600077151774424e-14,LOW
14,80,0,9,0,0,0,1,0,6.847695714510113e-10,LOW
10,436,0,78,1,0,0,1,1,1.0,HIGH
16,454,0,38,1,0,1,1,1,0.9999999999999902,HIGH
9,114,0,2,0,0,1,1,0,4.580899097263238e-13,LOW
17,70,0,18,0,0,0,1,0,0.00014509833801223533,LOW
20,11,0,6,0,1,0,0,0,1.184363651187148e-13,LOW
20,48,1,15,0,1,0,0,0,4.6161549608664797e-07,LOW
15,27,0,10,0,0,0,0,0,5.127663802525e-10,LOW
12,101,0,17,0,0,0,1,0,0.00046812702721178956,LOW
15,487,1,83,1,0,0,1,1,1.0,HIGH
10,108,0,18,0,0,1,1,0,0.0093391113801474,LOW
20,50,0,16,0,1,0,0,0,1.2500667789769662e-06,LOW
10,117,0,7,0,0,0,1,0,3.8654165524551876e-10,LOW
10,49,1,6,0,0,0,0,0,2.456401736243158e-11,LOW
16,83,0,8,0,0,1,1,0,1.311767474001427e-10,LOW
12,37,0,16,0,0,0,0,0,1.8598114713590356e-05,LOW
14,88,0,13,0,0,0,1,0,3.635404863724018e-07,LOW
11,117,0,14,0,0,0,1,0,1.0858929054029085e-05,LOW
14,451,1,21,1,0,1,1,0,0.9995524110405095,HIGH
12,56,0,16,0,0,0,1,0,3.2504139077770546e-05,LOW
7,409,1,59,1,1,0,1,1,1.0,HIGH
11,76,0,7,0,0,0,1,0,9.274442776089021e-11,LOW
14,122,1,67,1,0,1,1,1,1.0,HIGH
10,115,0,4,0,0,0,1,0,3.871200978794917e-12,LOW
10,71,0,5,0,0,1,1,0,9.908024008690689e-12,LOW
12,80,1,34,1,0,1,1,1,0.9999999926201821,HIGH
17,9,0,2,0,0,0,0,0,8.09470946208659e-16,LOW
17,63,0,4,0,0,0,1,0,7.199894105407935e-14,LOW
17,7,0,2,0,0,0,0,0,7.691275611361075e-16,LOW
9,103,0,16,0,0,0,1,0,0.0003371490172850621,LOW
10,11,0,3,0,0,0,0,0,5.529652305446405e-14,LOW
15,50,0,15,0,0,0,0,0,1.8217893325286484e-06,LOW
9,94,0,19,0,0,1,1,0,0.0420811364793631,LOW
11,112,0,3,0,0,1,1,0,9.29605435848585e-13,LOW
12,82,0,19,0,0,0,1,0,0.005958576852069245,LOW
12,30,0,11,0,0,0,0,0,7.879900306431764e-09,LOW
11,25,0,1,0,0,0,0,0,2.601778956362024e-15,LOW
17,22,0,8,0,0,0,0,0,1.0158169210549627e-11,LOW
4,438,1,38,1,1,1,1,1,1.0,HIGH
16,25,0,18,0,0,1,0,0,0.00010786241849506753,LOW
16,71,0,9,0,0,0,1,0,2.5476105143747336e-10,LOW
12,72,1,58,1,0,0,1,1,1.0,HIGH
9,59,0,5,0,0,0,1,0,6.16542756007372e-12,LOW
16,71,0,7,0,0,0,1,0,1.224713686871826e-11,LOW
10,29,0,7,0,0,1,0,0,6.550530560983023e-11,LOW
9,103,0,16,0,0,1,1,0,0.0005824665874724027,LOW
15,20,0,8,0,0,1,0,0,3.56177655341377e-11,LOW
5,198,1,45,1,1,1,1,1,1.0,HIGH
15,39,0,5,0,0,0,0,0,3.53094324669861e-13,LOW
13,67,0,3,0,0,0,1,0,7.974059684731213e-14,LOW
11,11,0,1,0,0,1,0,0,3.1434450027463324e-15,LOW
5,293,1,57,1,1,1,1,1,1.0,HIGH
7,203,1,47,1,1,1,1,1,1.0,HIGH
20,442,0,34,1,1,0,1,1,0.9999999999550904,HIGH
16,105,0,2,0,0,0,1,0,1.4799177171946826e-14,LOW
12,118,0,6,0,0,0,1,0,4.071459382616059e-11,LOW
12,96,0,2,0,0,0,1,0,5.3619329627268754e-14,LOW
10,45,0,15,0,0,1,0,0,1.8462284310758113e-05,LOW
12,26,0,19,0,0,1,0,0,0.002296497593626067,LOW
9,43,0,4,0,0,0,0,0,8.351077628417395e-13,LOW
16,64,0,19,0,0,0,1,0,0.0008290009729441512,LOW
15,49,0,2,0,0,1,0,0,8.304494656283779e-15,LOW
12,69,0,1,0,0,0,1,0,5.8956693283041375e-15,LOW
9,46,0,3,0,0,0,0,0,1.97695883770936e-13,LOW
14,49,0,11,0,0,0,0,0,5.997217232852203e-09,LOW
13,65,0,19,0,0,0,1,0,0.002649184642043882,LOW
9,21,1,14,0,0,0,0,0,3.285492966789483e-06,LOW
14,55,0,8,0,0,0,1,0,7.924266676036263e-11,LOW
13,51,0,17,0,0,0,1,0,8.927026214199433e-05,LOW
13,50,0,12,0,0,0,0,0,4.100621143461979e-08,LOW
15,83,0,10,0,0,1,1,0,3.987535138365907e-09,LOW
9,40,0,8,0,0,0,0,0,3.346841198930351e-10,LOW
20,59,0,9,0,1,0,1,0,4.1214541278159104e-11,LOW
17,60,0,6,0,0,0,1,0,1.387139802177818e-12,LOW
15,42,0,6,0,0,0,0,0,1.7387786730766383e-12,LOW
16,118,0,15,0,0,1,1,0,1.3174870294238722e-05,LOW
16,76,0,17,0,0,0,1,0,5.420140773862262e-05,LOW
17,16,0,11,0,0,1,0,0,1.4285984317015281e-09,LOW
20,61,0,1,0,1,1,1,0,4.0032731600060343e-16,LOW
15,91,0,9,0,0,0,1,0,6.207420275091544e-10,LOW
12,495,1,35,1,0,0,1,1,0.9999999999999309,HIGH
18,425,1,57,1,0,1,1,1,1.0,HIGH
20,110,0,11,0,1,1,1,0,5.456050297811885e-09,LOW
20,13,0,2,0,1,0,0,0,2.8806536093591317e-16,LOW
15,62,0,1,0,0,0,1,0,1.579702777938139e-15,LOW
8,252,1,80,1,1,1,1,1,1.0,HIGH
9,90,0,7,0,0,0,1,0,2.832738435878047e-10,LOW
9,17,0,11,0,0,0,0,0,1.7638008249638362e-08,LOW
14,116,0,5,0,0,0,1,0,3.971911599212236e-12,LOW
21,344,1,48,1,1,1,1,1,1.0,HIGH
20,21,0,19,0,1,0,0,0,5.650865666375782e-05,LOW
10,17,0,16,0,0,0,0,0,2.3819692589244094e-05,LOW
17,33,0,7,0,0,0,0,0,2.9504082525405984e-12,LOW
14,158,1,29,1,0,1,1,0,0.9999957204149594,HIGH
9,116,0,19,0,0,0,1,0,0.04270517832881936,LOW
15,17,0,1,0,0,0,0,0,4.650096980965842e-16,LOW
20,9,0,11,0,1,0,0,0,2.2208965641168938e-10,LOW
10,77,0,1,0,0,0,1,0,1.5446962520646504e-14,LOW
9,103,0,4,0,0,0,1,0,4.162723613468928e-12,LOW
13,86,0,17,0,0,0,1,0,0.00021837420125614998,LOW
9,98,1,84,1,0,1,1,1,1.0,HIGH
12,23,0,18,0,0,1,0,0,0.0004672055337802325,LOW
9,316,1,81,1,0,0,1,1,1.0,HIGH
17,61,0,13,0,0,1,1,0,1.0095363441759234e-07,LOW
17,5,0,12,0,0,0,0,0,2.8463466361789427e-09,LOW
14,96,0,9,0,0,0,1,0,1.0307837981235652e-09,LOW
15,100,0,18,0,0,0,1,0,0.0006667723244649708,LOW
16,50,0,5,0,0,1,0,0,5.531120784411656e-13,LOW
20,103,0,1,0,1,1,1,0,1.1713210319085001e-15,LOW
16,117,0,17,0,0,1,1,0,0.00026707490414675845,LOW
9,5,0,13,0,0,0,0,0,2.6997934886191177e-07,LOW
10,89,0,6,0,0,1,1,0,7.159163853408895e-11,LOW
13,63,0,16,0,0,0,1,0,2.660125616488523e-05,LOW
9,40,0,2,0,0,1,0,0,6.42532990254964e-14,LOW
16,86,0,19,0,0,1,1,0,0.0025096400695669673,LOW
17,110,0,3,0,0,0,1,0,5.2486162781699477e-14,LOW
14,34,0,8,0,0,0,0,0,4.308046737889096e-11,LOW
13,34,0,1,0,0,0,0,0,1.5335042955442164e-15,LOW
11,91,0,2,0,0,0,1,0,6.89546180297698e-14,LOW
9,96,0,19,0,0,0,1,0,0.02605787916883471,LOW
18,329,1,47,1,0,1,1,1,1.0,HIGH
22,117,1,84,1,1,0,1,1,1.0,HIGH
19,244,1,97,1,1,1,1,1,1.0,HIGH
20,52,0,19,0,1,0,1,0,0.00013420675286041165,LOW
10,125,1,40,1,0,1,1,1,0.9999999999998785,HIGH
12,97,0,18,0,0,0,1,0,0.001924747675026458,LOW
20,113,0,9,0,1,0,1,0,1.6388097330142003e-10,LOW
8,264,0,42,1,1,1,1,1,0.9999999999999998,HIGH
11,51,0,14,0,0,1,1,0,3.472565932931726e-06,LOW
13,72,0,14,0,0,0,1,0,1.6096355254842272e-06,LOW
20,94,0,4,0,1,0,1,0,5.1092236549767207e-14,LOW
11,57,1,88,1,0,1,1,1,1.0,HIGH
14,109,0,12,0,0,0,1,0,1.3634336558597185e-07,LOW
10,19,0,5,0,0,0,0,0,1.4112626602152473e-12,LOW
17,102,0,2,0,0,0,1,0,9.379593722138677e-15,LOW
9,61,0,11,0,0,1,1,0,1.0092927171915954e-07,LOW
19,219,1,92,1,1,0,1,1,1.0,HIGH
9,45,0,11,0,0,0,0,0,3.608195089308744e-08,LOW
12,52,0,5,0,0,0,1,0,1.6519825827257293e-12,LOW
14,55,0,8,0,0,0,1,0,7.924266676036263e-11,LOW
15,32,0,17,0,0,0,0,0,2.3919990203990027e-05,LOW
17,44,0,7,0,0,0,0,0,3.908391103933541e-12,LOW
3,495,0,95,1,1,0,1,1,1.0,HIGH
17,43,0,1,0,0,1,0,0,7.314032653535855e-16,LOW
15,26,0,9,0,0,0,0,0,1.0958948009662888e-10,LOW
11,5,0,16,0,0,0,0,0,1.1994295250898524e-05,LOW
10,115,0,19,0,0,0,1,0,0.028896787867835345,LOW
12,109,0,7,0,0,1,1,0,2.5494237952293884e-10,LOW
20,29,0,6,0,1,0,0,0,1.876338075532491e-13,LOW
11,64,1,12,0,0,1,1,0,4.125447894675394e-07,LOW
14,40,0,13,0,0,0,0,0,9.91140426594507e-08,LOW
15,103,0,7,0,0,1,1,0,7.007865297897193e-11,LOW
13,110,0,17,0,0,0,1,0,0.0004032326748291172,LOW
12,37,0,16,0,0,0,0,0,1.8598114713590356e-05,LOW
12,491,1,85,1,0,1,1,1,1.0,HIGH
17,67,0,16,0,0,0,1,0,6.461299220992169e-06,LOW
22,216,0,33,1,1,1,1,1,0.9999999182933079,HIGH
16,79,0,6,0,0,0,1,0,3.2945560893126143e-12,LOW
14,54,0,3,0,0,1,1,0,6.763432997303282e-14,LOW
14,23,0,13,0,0,0,0,0,6.418161335338454e-08,LOW
15,11,0,8,0,0,1,0,0,2.8297864324065208e-11,LOW
17,17,1,2,0,0,0,0,0,1.7604016853720943e-15,LOW
12,54,0,7,0,0,1,1,0,6.249748274011429e-11,LOW
12,89,0,11,0,0,1,1,0,6.616221198615528e-08,LOW
14,41,1,11,0,0,1,0,0,1.4972449774933613e-08,LOW
14,380,1,31,1,0,0,1,1,0.999999998792704,HIGH
14,48,0,6,0,0,0,0,0,2.9621168307937763e-12,LOW
15,99,0,13,0,0,0,1,0,3.2954861847995804e-07,LOW
13,97,0,4,0,0,1,1,0,1.3530934451883112e-12,LOW
13,118,1,18,0,0,0,1,0,0.003985257440354191,LOW
20,116,0,17,0,1,1,1,0,5.724763666162647e-05,LOW
13,62,0,19,0,0,1,1,0,0.0042332437562052645,LOW
13,10,0,18,0,0,0,0,0,0.00013274848319896955,LOW
10,71,0,4,0,0,0,1,0,1.2571355594491163e-12,LOW
15,104,0,15,0,0,0,1,0,7.789721751175818e-06,LOW
21,75,0,57,1,1,0,1,1,1.0,HIGH
14,117,0,19,0,0,0,1,0,0.006820527807326018,LOW
11,25,0,3,0,0,1,0,0,9.352432159972757e-14,LOW
17,51,0,5,0,0,1,1,0,4.175550116278629e-13,LOW
13,90,0,10,0,0,1,1,0,1.0183874775186739e-08,LOW
21,153,1,73,1,1,1,1,1,1.0,HIGH
14,27,0,10,0,0,0,0,0,7.493224560360793e-10,LOW
15,105,0,8,0,0,0,1,0,1.9466243821925818e-10,LOW
12,257,1,43,1,0,0,1,1,0.9999999999999998,HIGH
10,58,0,9,0,0,0,1,0,1.7795470316682644e-09,LOW
6,260,1,83,1,1,1,1,1,1.0,HIGH
13,12,0,3,0,0,0,0,0,1.817823252153727e-14,LOW
13,15,0,3,0,0,0,0,0,1.9627093490637263e-14,LOW
16,16,0,17,0,0,0,0,0,1.0874125172757396e-05,LOW
10,42,0,9,0,0,0,0,0,1.0993551690226065e-09,LOW
13,8,0,19,0,0,0,0,0,0.0005750210751494312,LOW
17,26,0,12,0,0,0,0,0,4.868757522203097e-09,LOW
16,115,0,12,0,0,0,1,0,7.442936268836897e-08,LOW
11,39,0,15,0,0,0,0,0,6.271582526061106e-06,LOW
10,23,1,10,0,0,0,0,0,5.468380545676278e-09,LOW
9,113,0,8,0,0,0,1,0,2.325888838791197e-09,LOW
10,93,0,10,0,0,0,1,0,1.9856801320751214e-08,LOW
13,87,0,2,0,0,0,1,0,2.9151383038045724e-14,LOW
12,116,0,15,0,0,0,1,0,3.303512422435474e-05,LOW
20,18,0,15,0,1,0,0,0,1.2095900709208534e-07,LOW
9,6,0,5,0,0,0,0,0,1.479238708994306e-12,LOW
22,198,1,31,1,1,1,1,1,0.9999984809133692,HIGH
10,11,0,19,0,0,0,0,0,0.0019348371271509996,LOW
17,89,0,3,0,0,0,1,0,3.0684175972250645e-14,LOW
17,141,1,70,1,0,0,1,1,1.0,HIGH
10,82,0,19,0,0,1,1,0,0.021641638718855896,LOW
13,58,1,40,1,0,1,1,1,0.9999999999978975,HIGH
11,91,1,2,0,0,0,1,0,1.2222563497363454e-13,LOW
14,41,0,2,0,0,1,0,0,9.891242517513799e-15,LOW
20,36,0,17,0,1,0,0,0,3.98621773754663e-06,LOW
11,112,0,9,0,0,0,1,0,4.842150993977659e-09,LOW
17,7,1,10,0,0,0,0,0,2.5526493709069395e-10,LOW
14,30,0,8,0,0,1,0,0,6.720944858879502e-11,LOW
17,64,0,4,0,0,0,1,0,7.386310404106716e-14,LOW
12,23,0,3,0,0,0,0,0,3.518979700049927e-14,LOW
9,75,0,19,0,0,0,1,0,0.015400512182686994,LOW
13,47,0,14,0,0,0,0,0,7.900297501509151e-07,LOW
14,101,1,1,0,0,0,1,0,1.1088681563816901e-14,LOW
17,69,1,53,1,0,0,1,1,1.0,HIGH
20,449,1,47,1,1,1,1,1,1.0,HIGH
15,53,0,8,0,0,1,1,0,8.903539596049648e-11,LOW
13,58,0,3,0,0,1,1,0,1.094768215014342e-13,LOW
12,93,0,7,0,0,0,1,0,9.800837677110799e-11,LOW
13,111,0,16,0,0,1,1,0,0.0001567727968676333,LOW
12,73,0,10,0,0,1,1,0,9.63690727304569e-09,LOW
5,297,1,32,1,1,1,1,1,0.9999999999580478,HIGH
13,31,0,13,0,0,1,0,0,1.988506661930595e-07,LOW
15,17,0,14,0,0,0,0,0,1.7183116506058042e-07,LOW
10,114,1,20,1,0,1,1,0,0.28836564745830573,LOW
14,262,1,75,1,0,1,1,1,1.0,HIGH
7,428,1,97,1,1,1,1,1,1.0,HIGH
16,56,0,8,0,0,0,1,0,3.8068180297067616e-11,LOW
13,108,0,19,0,0,0,1,0,0.007910018655318096,LOW
10,105,0,8,0,0,1,1,0,2.2417330406302572e-09,LOW
12,84,1,8,0,0,1,1,0,1.0878125616699712e-09,LOW
10,94,0,9,0,0,0,1,0,4.466440080478268e-09,LOW
12,22,0,6,0,0,0,0,0,3.2543406269991715e-12,LOW
13,99,0,5,0,0,0,1,0,3.7585835060224394e-12,LOW
14,79,1,19,0,0,0,1,0,0.004587092818720907,LOW
13,82,0,19,0,0,0,1,0,0.004085178645378756,LOW
15,118,1,4,0,0,1,1,0,1.9211385333655784e-12,LOW
11,40,0,2,0,0,0,0,0,1.7411705458518138e-14,LOW
15,62,0,12,0,0,0,1,0,2.806188930717936e-08,LOW
11,15,0,13,0,0,0,0,0,1.632475370393212e-07,LOW
16,96,0,6,0,0,0,1,0,5.087699843073569e-12,LOW
9,12,1,9,0,0,0,0,0,1.3226435062600698e-09,LOW
13,104,0,16,0,0,1,1,0,0.00013109065762124505,LOW
11,106,0,6,0,0,0,1,0,4.3780625718183355e-11,LOW
17,21,0,6,0,0,0,0,0,4.760094074716693e-13,LOW
14,70,0,6,0,0,0,1,0,5.589620276000791e-12,LOW
17,79,0,6,0,0,0,1,0,2.2544868186580206e-12,LOW
16,23,0,1,0,0,1,0,0,6.410282770489209e-16,LOW
20,50,0,3,0,1,0,0,0,3.3829358141143578e-15,LOW
23,277,1,65,1,1,1,1,1,1.0,HIGH
2,285,0,36,1,1,1,1,1,0.9999999999999252,HIGH
13,75,0,2,0,0,0,1,0,2.1450717153118006e-14,LOW
14,89,0,10,0,0,0,1,0,3.931033036673219e-09,LOW
17,89,0,2,0,0,0,1,0,6.727678572608891e-15,LOW
10,59,0,6,0,0,1,1,0,3.3252088932886597e-11,LOW
10,31,0,4,0,0,0,0,0,4.205096512249406e-13,LOW
17,26,0,18,0,0,1,0,0,7.572448925211415e-05,LOW
20,43,0,12,0,1,0,0,0,2.4156094141027416e-09,LOW
20,23,0,5,0,1,0,0,0,3.52901242216521e-14,LOW
16,71,0,2,0,0,0,1,0,6.205666294041237e-15,LOW
11,72,0,11,0,0,0,1,0,3.623088565954855e-08,LOW
16,31,0,8,0,0,0,0,0,1.8684335580049262e-11,LOW
12,119,0,15,0,0,1,1,0,6.163445620272595e-05,LOW
11,64,1,42,1,0,1,1,1,0.9999999999999594,HIGH
9,49,0,5,0,0,1,0,0,7.672839853522893e-12,LOW
9,16,1,8,0,0,0,0,0,3.2121761730976763e-10,LOW
11,417,1,46,1,0,1,1,1,1.0,HIGH
9,19,0,12,0,0,0,0,0,8.466455581555008e-08,LOW
9,49,0,9,0,0,0,0,0,1.9213095750517858e-09,LOW
11,145,1,37,1,0,1,1,1,0.9999999999898945,HIGH
12,86,0,12,0,0,0,1,0,1.6173319283027714e-07,LOW
15,26,0,1,0,0,0,0,0,5.852952791190046e-16,LOW
12,80,0,1,0,0,1,1,0,1.3495989374928098e-14,LOW
14,104,0,17,0,0,0,1,0,0.00023673919578320987,LOW
14,86,0,1,0,0,1,1,0,7.367412572773996e-15,LOW
17,64,0,10,0,0,0,1,0,6.648488752795277e-10,LOW
11,70,0,3,0,0,0,1,0,1.838578720993155e-13,LOW
12,402,1,47,1,0,0,1,1,1.0,HIGH
18,311,0,30,1,0,1,1,0,0.9999998481451011,HIGH
14,113,0,2,0,0,1,1,0,6.70043893647744e-14,LOW
9,116,0,3,0,0,0,1,0,1.2724687900145643e-12,LOW
15,25,0,14,0,0,1,0,0,3.6430834941610346e-07,LOW
9,91,0,17,0,0,0,1,0,0.001130599884621281,LOW
15,18,0,12,0,0,0,0,0,8.474322546808729e-09,LOW
20,51,0,6,0,1,1,1,0,6.118527578678794e-13,LOW
13,84,0,5,0,0,0,1,0,2.5615481221378996e-12,LOW
11,95,1,5,0,0,1,1,0,2.2195834875855223e-11,LOW
20,348,1,40,1,1,1,1,1,0.999999999999982,HIGH
12,30,0,11,0,0,0,0,0,7.879900306431764e-09,LOW
14,57,0,11,0,0,0,1,0,7.912426018486135e-09,LOW
11,22,0,17,0,0,0,0,0,8.447283369220533e-05,LOW
14,62,0,18,0,0,0,1,0,0.00036897864680062267,LOW
14,6,0,15,0,0,0,0,0,8.645381609423195e-07,LOW
20,35,0,10,0,1,0,0,0,9.464914344646542e-11,LOW
0,115,1,93,1,1,1,1,1,1.0,HIGH
0,427,1,92,1,1,1,1,1,1.0,HIGH
17,40,0,8,0,0,0,0,0,1.609316500741917e-11,LOW
20,38,0,18,0,1,0,0,0,1.9134034846776045e-05,LOW
1,279,1,62,1,1,0,1,1,1.0,HIGH
17,196,1,30,1,0,1,1,0,0.9999988914724549,HIGH
14,48,0,6,0,0,0,0,0,2.9621168307937763e-12,LOW
16,108,0,18,0,0,1,1,0,0.00096708601383431,LOW
15,46,0,2,0,0,0,0,0,4.450954600592316e-15,LOW
13,71,0,18,0,0,0,1,0,0.0006784673769092006,LOW
14,115,0,1,0,0,0,1,0,8.947489670815568e-15,LOW
15,19,0,15,0,0,0,0,0,8.248097253828686e-07,LOW
12,74,0,1,0,0,0,1,0,6.699468436189337e-15,LOW
17,89,1,17,0,0,0,1,0,9.165640765395826e-05,LOW
15,76,0,5,0,0,0,1,0,9.776705728716416e-13,LOW
16,11,0,14,0,0,0,0,0,1.0086583461989448e-07,LOW
11,79,0,15,0,0,0,1,0,1.874898949219216e-05,LOW
13,63,1,5,0,0,0,1,0,2.654428953855484e-12,LOW
13,48,0,12,0,0,0,0,0,3.8962494706348134e-08,LOW
5,302,1,84,1,1,1,1,1,1.0,HIGH
11,88,0,2,0,0,0,1,0,6.386442702669615e-14,LOW
12,26,0,17,0,0,0,0,0,6.402985513800661e-05,LOW
12,90,0,10,0,0,0,1,0,8.612050104357735e-09,LOW
16,19,0,6,0,0,0,0,0,6.609397165832553e-13,LOW
6,203,1,38,1,1,0,1,1,0.9999999999998699,HIGH
11,23,0,17,0,0,0,0,0,8.665977535074976e-05,LOW
18,491,0,52,1,0,1,1,1,1.0,HIGH
20,96,1,15,0,1,0,1,0,1.6931582565281063e-06,LOW
11,106,0,15,0,0,0,1,0,3.7385982951600345e-05,LOW
17,24,0,7,0,0,1,0,0,4.0506508653037024e-12,LOW
9,87,0,15,0,0,0,1,0,4.912184270556215e-05,LOW
16,112,1,16,0,0,0,1,0,5.287043718414323e-05,LOW
17,47,0,19,0,0,0,0,0,0.00034177844011814163,LOW
17,84,0,7,0,0,0,1,0,1.168433928363529e-11,LOW
17,50,0,18,0,0,0,0,0,8.093065927385068e-05,LOW
0,498,1,84,1,1,0,1,1,1.0,HIGH
6,102,1,75,1,1,1,1,1,1.0,HIGH
9,92,0,5,0,0,0,1,0,1.4332135495428647e-11,LOW
16,66,0,15,0,0,0,1,0,2.017996051998037e-06,LOW
15,35,0,18,0,0,0,0,0,0.00011778060993201936,LOW
16,277,1,51,1,0,1,1,1,1.0,HIGH
13,50,0,18,0,0,1,0,0,0.0006374172935983641,LOW
13,94,0,15,0,0,0,1,0,1.2882604895971187e-05,LOW
14,88,1,17,0,0,0,1,0,0.00027875825008561074,LOW
11,373,1,42,1,0,1,1,1,1.0,HIGH
10,70,0,18,0,0,0,1,0,0.002060980576565813,LOW
7,59,1,86,1,1,0,1,1,1.0,HIGH
10,73,0,17,0,0,1,1,0,0.000844138969831562,LOW
16,22,0,17,0,0,1,0,0,2.1905537765495818e-05,LOW
16,51,0,1,0,0,0,1,0,8.160377967474479e-16,LOW
12,96,0,18,0,0,1,1,0,0.0032378469700739252,LOW
17,56,1,1,0,0,0,1,0,1.1247791119779818e-15,LOW
18,201,1,30,1,0,1,1,0,0.9999985744307186,HIGH
15,12,0,16,0,0,1,0,0,5.435588741713354e-06,LOW
14,118,0,12,0,0,0,1,0,1.7161174429018985e-07,LOW
16,63,0,7,0,0,0,1,0,9.982125053512234e-12,LOW
17,43,0,2,0,0,0,0,0,1.930413815513791e-15,LOW
17,59,0,19,0,0,0,1,0,0.0004993923084767372,LOW
9,27,0,7,0,0,0,0,0,5.263408562383551e-11,LOW
17,253,0,58,1,0,1,1,1,1.0,HIGH
16,23,0,5,0,0,0,0,0,1.605160269784894e-13,LOW
16,11,0,3,0,0,0,0,0,5.6780941940274165e-15,LOW
6,376,1,86,1,1,1,1,1,1.0,HIGH
15,78,0,3,0,0,0,1,0,4.94648815402933e-14,LOW
15,96,0,6,0,0,1,1,0,1.2847729827531317e-11,LOW
20,14,0,4,0,1,0,0,0,6.147392539269371e-15,LOW
17,97,0,7,0,0,0,1,0,1.6290070075259378e-11,LOW
14,79,0,6,0,0,0,1,0,7.035505652888326e-12,LOW
12,117,0,3,0,0,1,1,0,7.228641345900303e-13,LOW
11,340,1,50,1,0,1,1,1,1.0,HIGH
12,86,0,2,0,0,0,1,0,4.152474016596599e-14,LOW
14,45,1,16,0,0,0,0,0,1.8940039185349855e-05,LOW
17,49,0,18,0,0,0,0,0,7.888828588897606e-05,LOW
14,94,0,14,0,0,1,1,0,3.3401433365095543e-06,LOW
14,52,0,9,0,0,1,1,0,5.784418208907776e-10,LOW
12,85,1,2,0,0,1,1,0,1.2398242643782265e-13,LOW
12,51,1,19,0,0,0,1,0,0.0047874915341048485,LOW
